method,appointment_id,prediction_time,evaluation_partition,target,no_show_probability
uncalibrated,17660,2026-09-01T09:30:00,calibration,1,0.0998460362343
uncalibrated,17661,2026-09-01T10:00:00,calibration,0,0.0680267283631
uncalibrated,17662,2026-09-01T10:30:00,calibration,0,0.141742473563
uncalibrated,17664,2026-09-01T12:00:00,calibration,0,0.116096062136
uncalibrated,17665,2026-09-01T12:00:00,calibration,0,0.0573824638882
uncalibrated,17666,2026-09-01T12:30:00,calibration,0,0.069977233812
uncalibrated,17667,2026-09-01T15:30:00,calibration,0,0.153849170085
uncalibrated,17668,2026-09-01T16:00:00,calibration,0,0.106195980205
uncalibrated,17669,2026-09-01T16:00:00,calibration,0,0.0531437341705
uncalibrated,17670,2026-09-01T16:30:00,calibration,0,0.0682362223031
uncalibrated,17672,2026-09-01T16:30:00,calibration,0,0.0500707988679
uncalibrated,17673,2026-09-01T17:00:00,calibration,0,0.0449475879491
uncalibrated,17674,2026-09-02T09:30:00,calibration,0,0.101046958933
uncalibrated,17675,2026-09-02T10:00:00,calibration,0,0.035976415671
uncalibrated,17676,2026-09-02T11:30:00,calibration,0,0.0912809980245
uncalibrated,17677,2026-09-02T12:30:00,calibration,0,0.0762856241685
uncalibrated,17678,2026-09-02T15:00:00,calibration,0,0.035614495466
uncalibrated,17679,2026-09-02T15:30:00,calibration,0,0.0678131421449
uncalibrated,17680,2026-09-02T15:30:00,calibration,0,0.0519548966968
uncalibrated,17681,2026-09-02T15:30:00,calibration,0,0.101287549459
uncalibrated,17682,2026-09-02T15:30:00,calibration,0,0.0679423627849
uncalibrated,17684,2026-09-02T16:00:00,calibration,0,0.0892335794391
uncalibrated,17685,2026-09-02T16:00:00,calibration,0,0.0634637462833
uncalibrated,17686,2026-09-02T16:00:00,calibration,1,0.0609499314356
uncalibrated,17687,2026-09-02T16:30:00,calibration,0,0.106904106945
uncalibrated,17689,2026-09-02T17:00:00,calibration,1,0.0974139249588
uncalibrated,17690,2026-09-02T17:00:00,calibration,0,0.0604498578954
uncalibrated,17691,2026-09-02T17:30:00,calibration,0,0.179184308774
uncalibrated,17693,2026-09-02T17:30:00,calibration,0,0.0400619947523
uncalibrated,17694,2026-09-02T18:00:00,calibration,0,0.0665262474694
uncalibrated,17695,2026-09-02T18:00:00,calibration,0,0.0666256372636
uncalibrated,17696,2026-09-04T10:00:00,calibration,0,0.13481414477
uncalibrated,17699,2026-09-04T11:30:00,calibration,0,0.0587457421497
uncalibrated,17701,2026-09-04T15:00:00,calibration,0,0.0499401054324
uncalibrated,17702,2026-09-04T16:00:00,calibration,1,0.117287903255
uncalibrated,17703,2026-09-04T16:30:00,calibration,0,0.0299679521833
uncalibrated,17704,2026-09-04T17:00:00,calibration,0,0.0590356514322
uncalibrated,17705,2026-09-04T17:00:00,calibration,0,0.0512724233216
uncalibrated,17706,2026-09-05T09:00:00,calibration,0,0.0403777830983
uncalibrated,17707,2026-09-05T09:30:00,calibration,0,0.0528068488516
uncalibrated,17708,2026-09-05T10:00:00,calibration,0,0.0623628897213
uncalibrated,17709,2026-09-05T10:00:00,calibration,0,0.0760243114799
uncalibrated,17710,2026-09-05T10:00:00,calibration,0,0.0449617056644
uncalibrated,17711,2026-09-05T10:30:00,calibration,1,0.260063388289
uncalibrated,17712,2026-09-05T10:30:00,calibration,0,0.0748564610819
uncalibrated,17713,2026-09-05T11:00:00,calibration,0,0.0243956125149
uncalibrated,17714,2026-09-05T11:30:00,calibration,0,0.0736358509431
uncalibrated,17716,2026-09-05T14:00:00,calibration,0,0.0484723791083
uncalibrated,17717,2026-09-05T15:00:00,calibration,0,0.0437460728556
uncalibrated,17718,2026-09-05T15:30:00,calibration,0,0.0712685256884
uncalibrated,17719,2026-09-05T16:00:00,calibration,0,0.14437063208
uncalibrated,17720,2026-09-05T16:30:00,calibration,0,0.0904158821531
uncalibrated,17721,2026-09-05T16:30:00,calibration,0,0.0696417532196
uncalibrated,17722,2026-09-05T17:00:00,calibration,0,0.0992195286882
uncalibrated,17723,2026-09-05T18:30:00,calibration,0,0.0603443382827
uncalibrated,17724,2026-09-06T10:00:00,calibration,0,0.0720646386953
uncalibrated,17725,2026-09-06T11:30:00,calibration,0,0.0862730625807
uncalibrated,17727,2026-09-06T12:00:00,calibration,0,0.0278575790956
uncalibrated,17728,2026-09-06T14:00:00,calibration,0,0.105866362469
uncalibrated,17729,2026-09-06T14:00:00,calibration,0,0.0802417127334
uncalibrated,17730,2026-09-06T15:00:00,calibration,0,0.105931255449
uncalibrated,17731,2026-09-06T15:30:00,calibration,1,0.123973028923
uncalibrated,17732,2026-09-06T16:00:00,calibration,0,0.135704542797
uncalibrated,17733,2026-09-06T17:00:00,calibration,0,0.0625769857356
uncalibrated,17734,2026-09-06T17:00:00,calibration,0,0.0714891341829
uncalibrated,17735,2026-09-06T17:30:00,calibration,0,0.0940955014644
uncalibrated,17736,2026-09-06T18:30:00,calibration,0,0.0645105397324
uncalibrated,17737,2026-09-06T18:30:00,calibration,0,0.0765431364959
uncalibrated,17738,2026-09-07T09:30:00,calibration,0,0.0688208884772
uncalibrated,17740,2026-09-07T11:30:00,calibration,0,0.145094528387
uncalibrated,17743,2026-09-07T12:00:00,calibration,0,0.0938252438322
uncalibrated,17744,2026-09-07T14:30:00,calibration,0,0.082248599085
uncalibrated,17745,2026-09-07T15:00:00,calibration,0,0.0664164282175
uncalibrated,17746,2026-09-07T16:00:00,calibration,0,0.0936659980563
uncalibrated,17747,2026-09-07T16:00:00,calibration,0,0.0688046310184
uncalibrated,17748,2026-09-07T16:00:00,calibration,0,0.0958058148517
uncalibrated,17749,2026-09-07T16:00:00,calibration,0,0.0627752095155
uncalibrated,17750,2026-09-07T17:30:00,calibration,0,0.0274794482782
uncalibrated,17751,2026-09-08T09:00:00,calibration,0,0.0507900400273
uncalibrated,17752,2026-09-08T09:30:00,calibration,0,0.104347475987
uncalibrated,17753,2026-09-08T10:00:00,calibration,0,0.0579851164883
uncalibrated,17754,2026-09-08T10:30:00,calibration,0,0.0956951396547
uncalibrated,17755,2026-09-08T11:30:00,calibration,0,0.13108005012
uncalibrated,17757,2026-09-08T17:00:00,calibration,0,0.0855702130513
uncalibrated,17758,2026-09-09T09:00:00,calibration,0,0.0631134573708
uncalibrated,17759,2026-09-09T10:00:00,calibration,0,0.117880685299
uncalibrated,17760,2026-09-09T10:30:00,calibration,1,0.0730336510326
uncalibrated,17761,2026-09-09T11:00:00,calibration,0,0.0538195036478
uncalibrated,17762,2026-09-09T11:30:00,calibration,0,0.143051244972
uncalibrated,17763,2026-09-09T12:00:00,calibration,0,0.0468158496973
uncalibrated,17765,2026-09-09T14:00:00,calibration,1,0.11679206077
uncalibrated,17766,2026-09-09T14:30:00,calibration,0,0.0848412610446
uncalibrated,17767,2026-09-09T15:00:00,calibration,0,0.0253689701327
uncalibrated,17768,2026-09-09T15:00:00,calibration,0,0.124293120141
uncalibrated,17769,2026-09-09T15:30:00,calibration,1,0.0438541325026
uncalibrated,17770,2026-09-09T15:30:00,calibration,0,0.073937704249
uncalibrated,17771,2026-09-09T15:30:00,calibration,0,0.0316032345895
uncalibrated,17772,2026-09-09T17:00:00,calibration,0,0.0914616769504
uncalibrated,17773,2026-09-09T17:00:00,calibration,1,0.0691795546558
uncalibrated,17774,2026-09-09T17:00:00,calibration,0,0.0592416631825
uncalibrated,17775,2026-09-09T18:00:00,calibration,0,0.120973688001
uncalibrated,17776,2026-09-09T18:00:00,calibration,0,0.0621263834617
uncalibrated,17777,2026-09-09T18:30:00,calibration,0,0.0265324844593
uncalibrated,17778,2026-09-09T18:30:00,calibration,0,0.059653944556
uncalibrated,17779,2026-09-09T18:30:00,calibration,0,0.0653534456378
uncalibrated,17780,2026-09-11T10:00:00,calibration,0,0.0938238659472
uncalibrated,17781,2026-09-11T10:00:00,calibration,0,0.0793346123244
uncalibrated,17782,2026-09-11T10:30:00,calibration,0,0.0690306974947
uncalibrated,17783,2026-09-11T11:30:00,calibration,0,0.0981253104181
uncalibrated,17784,2026-09-11T11:30:00,calibration,0,0.104858363214
uncalibrated,17785,2026-09-11T12:00:00,calibration,0,0.0355295469849
uncalibrated,17786,2026-09-11T12:00:00,calibration,0,0.162577693761
uncalibrated,17787,2026-09-11T14:30:00,calibration,0,0.0953330240895
uncalibrated,17788,2026-09-11T14:30:00,calibration,0,0.0651129461917
uncalibrated,17789,2026-09-11T15:30:00,calibration,0,0.138950061662
uncalibrated,17790,2026-09-11T15:30:00,calibration,0,0.0473969931797
uncalibrated,17791,2026-09-11T15:30:00,calibration,0,0.0595010853846
uncalibrated,17792,2026-09-11T15:30:00,calibration,0,0.119869334339
uncalibrated,17793,2026-09-11T16:00:00,calibration,0,0.0665768945757
uncalibrated,17794,2026-09-11T16:30:00,calibration,0,0.123366346757
uncalibrated,17795,2026-09-11T16:30:00,calibration,0,0.0862376899613
uncalibrated,17796,2026-09-11T18:30:00,calibration,0,0.123699503701
uncalibrated,17799,2026-09-12T10:30:00,calibration,0,0.0589643772254
uncalibrated,17800,2026-09-12T11:30:00,calibration,0,0.0738295642463
uncalibrated,17801,2026-09-12T12:00:00,calibration,0,0.0465890980324
uncalibrated,17803,2026-09-12T12:30:00,calibration,0,0.0585175676545
uncalibrated,17804,2026-09-12T14:00:00,calibration,0,0.0451889445149
uncalibrated,17805,2026-09-12T14:30:00,calibration,0,0.0464941156828
uncalibrated,17806,2026-09-12T15:30:00,calibration,0,0.121922445855
uncalibrated,17807,2026-09-12T15:30:00,calibration,0,0.125286090625
uncalibrated,17808,2026-09-12T15:30:00,calibration,0,0.0889434210203
uncalibrated,17809,2026-09-12T15:30:00,calibration,0,0.0283966471402
uncalibrated,17810,2026-09-12T15:30:00,calibration,0,0.138683747572
uncalibrated,17811,2026-09-12T16:30:00,calibration,1,0.0859546243788
uncalibrated,17812,2026-09-12T17:00:00,calibration,0,0.0975022845342
uncalibrated,17813,2026-09-12T17:00:00,calibration,0,0.0298293807902
uncalibrated,17814,2026-09-12T17:00:00,calibration,0,0.104944891668
uncalibrated,17815,2026-09-12T17:30:00,calibration,0,0.0807959620086
uncalibrated,17818,2026-09-13T10:00:00,calibration,0,0.229341755724
uncalibrated,17819,2026-09-13T10:30:00,calibration,0,0.0574692156894
uncalibrated,17820,2026-09-13T11:30:00,calibration,0,0.161477386979
uncalibrated,17821,2026-09-13T14:30:00,calibration,0,0.106184384241
uncalibrated,17822,2026-09-13T14:30:00,calibration,0,0.121980665556
uncalibrated,17823,2026-09-13T14:30:00,calibration,0,0.0260562676214
uncalibrated,17824,2026-09-13T15:00:00,calibration,0,0.144766680085
uncalibrated,17825,2026-09-13T16:00:00,calibration,0,0.0645369903099
uncalibrated,17826,2026-09-13T16:30:00,calibration,0,0.044902012781
uncalibrated,17827,2026-09-13T16:30:00,calibration,0,0.179343981249
uncalibrated,17828,2026-09-13T16:30:00,calibration,0,0.125127029604
uncalibrated,17829,2026-09-13T17:00:00,calibration,0,0.0589939331561
uncalibrated,17830,2026-09-13T17:00:00,calibration,1,0.0790003145586
uncalibrated,17831,2026-09-14T09:00:00,calibration,0,0.140915603477
uncalibrated,17832,2026-09-14T09:00:00,calibration,0,0.0751365659816
uncalibrated,17833,2026-09-14T10:30:00,calibration,0,0.117857907629
uncalibrated,17836,2026-09-14T14:00:00,calibration,0,0.100415197668
uncalibrated,17837,2026-09-14T14:00:00,calibration,0,0.132368190779
uncalibrated,17838,2026-09-14T15:30:00,calibration,0,0.0920571228018
uncalibrated,17839,2026-09-14T16:30:00,calibration,0,0.110727973743
uncalibrated,17840,2026-09-14T17:00:00,calibration,0,0.0556837625289
uncalibrated,17841,2026-09-14T17:00:00,calibration,0,0.0711603538958
uncalibrated,17842,2026-09-14T17:00:00,calibration,0,0.023998044356
uncalibrated,17843,2026-09-14T18:00:00,calibration,0,0.0309171629758
uncalibrated,17844,2026-09-15T09:00:00,calibration,0,0.0986817162797
uncalibrated,17845,2026-09-15T10:00:00,calibration,0,0.0607766919711
uncalibrated,17846,2026-09-15T10:00:00,calibration,0,0.124159812912
uncalibrated,17847,2026-09-15T11:00:00,calibration,0,0.149546726704
uncalibrated,17848,2026-09-15T12:30:00,calibration,0,0.0230812248497
uncalibrated,17849,2026-09-15T12:30:00,calibration,0,0.0890038737291
uncalibrated,17850,2026-09-15T14:30:00,calibration,0,0.138794274318
uncalibrated,17851,2026-09-15T15:00:00,calibration,0,0.0469141661557
uncalibrated,17852,2026-09-15T15:30:00,calibration,0,0.0848789841811
uncalibrated,17853,2026-09-15T15:30:00,calibration,0,0.057485053356
uncalibrated,17854,2026-09-15T16:00:00,calibration,0,0.126651136848
uncalibrated,17855,2026-09-15T16:00:00,calibration,0,0.0732943891959
uncalibrated,17856,2026-09-15T16:00:00,calibration,0,0.0421406774924
uncalibrated,17857,2026-09-15T16:30:00,calibration,0,0.182461202936
uncalibrated,17858,2026-09-15T16:30:00,calibration,0,0.0688843705063
uncalibrated,17859,2026-09-15T17:00:00,calibration,0,0.0726830455361
uncalibrated,17860,2026-09-15T17:30:00,calibration,0,0.0747382218132
uncalibrated,17861,2026-09-16T10:00:00,calibration,0,0.0442624111796
uncalibrated,17862,2026-09-16T10:00:00,calibration,0,0.0380484874634
uncalibrated,17864,2026-09-16T11:30:00,calibration,0,0.06465561699
uncalibrated,17865,2026-09-16T12:00:00,calibration,0,0.0454190995925
uncalibrated,17866,2026-09-16T12:30:00,calibration,0,0.0695161730066
uncalibrated,17867,2026-09-16T12:30:00,calibration,0,0.0310343786426
uncalibrated,17868,2026-09-16T15:00:00,calibration,0,0.0425512356496
uncalibrated,17870,2026-09-16T15:30:00,calibration,0,0.0722134560634
uncalibrated,17871,2026-09-16T16:00:00,calibration,0,0.219285978467
uncalibrated,17872,2026-09-16T16:00:00,calibration,0,0.0518768182697
uncalibrated,17874,2026-09-16T16:30:00,calibration,0,0.179472668615
uncalibrated,17875,2026-09-16T16:30:00,calibration,0,0.080949903478
uncalibrated,17876,2026-09-16T17:00:00,calibration,0,0.0498802790831
uncalibrated,17877,2026-09-16T17:30:00,calibration,0,0.0390978940748
uncalibrated,17878,2026-09-16T18:30:00,calibration,0,0.134967242992
uncalibrated,17879,2026-09-16T18:30:00,calibration,0,0.0261421924747
uncalibrated,17880,2026-09-18T10:00:00,calibration,0,0.0589691026373
uncalibrated,17881,2026-09-18T10:30:00,calibration,0,0.0520468350693
uncalibrated,17882,2026-09-18T11:00:00,calibration,0,0.0507128723907
uncalibrated,17884,2026-09-18T12:30:00,calibration,1,0.08498592484
uncalibrated,17885,2026-09-18T12:30:00,calibration,1,0.144795026166
uncalibrated,17886,2026-09-18T14:00:00,calibration,0,0.0445437108203
uncalibrated,17887,2026-09-18T14:00:00,calibration,0,0.0916109405678
uncalibrated,17888,2026-09-18T16:30:00,calibration,0,0.0891090024444
uncalibrated,17889,2026-09-18T18:30:00,calibration,0,0.07996987394
uncalibrated,17890,2026-09-19T09:00:00,calibration,0,0.0759981127523
uncalibrated,17891,2026-09-19T10:00:00,calibration,0,0.138199002874
uncalibrated,17892,2026-09-19T11:00:00,calibration,0,0.0594546143196
uncalibrated,17893,2026-09-19T11:30:00,calibration,1,0.035149245971
uncalibrated,17894,2026-09-19T14:00:00,calibration,0,0.0721548363453
uncalibrated,17895,2026-09-19T14:30:00,calibration,0,0.0394750047289
uncalibrated,17896,2026-09-19T16:30:00,calibration,0,0.200956020868
uncalibrated,17897,2026-09-19T18:30:00,calibration,1,0.155296765958
uncalibrated,17898,2026-09-20T10:00:00,calibration,0,0.212892466723
uncalibrated,17899,2026-09-20T10:00:00,calibration,0,0.0920940016106
uncalibrated,17901,2026-09-20T10:30:00,calibration,0,0.0235505328848
uncalibrated,17902,2026-09-20T10:30:00,calibration,0,0.0349544397488
uncalibrated,17903,2026-09-20T11:00:00,calibration,0,0.0540049992575
uncalibrated,17904,2026-09-20T11:30:00,calibration,0,0.0477416468965
uncalibrated,17905,2026-09-20T12:30:00,calibration,0,0.100972286132
uncalibrated,17907,2026-09-20T16:30:00,calibration,0,0.0869007106206
uncalibrated,17908,2026-09-20T17:30:00,calibration,0,0.0746481526331
uncalibrated,17909,2026-09-20T18:00:00,calibration,0,0.121305881603
uncalibrated,17910,2026-09-20T18:30:00,calibration,0,0.0396044261503
uncalibrated,17911,2026-09-20T18:30:00,calibration,1,0.153765409154
uncalibrated,17912,2026-09-21T09:30:00,calibration,0,0.0672065413069
uncalibrated,17914,2026-09-21T11:00:00,calibration,0,0.0418676389211
uncalibrated,17916,2026-09-21T12:00:00,calibration,0,0.0786006096489
uncalibrated,17917,2026-09-21T14:00:00,calibration,0,0.101054528187
uncalibrated,17918,2026-09-21T14:30:00,calibration,0,0.0476811098304
uncalibrated,17919,2026-09-21T15:30:00,calibration,0,0.0828947068185
uncalibrated,17920,2026-09-21T16:30:00,calibration,0,0.183073426646
uncalibrated,17921,2026-09-21T17:00:00,calibration,0,0.0521698160543
uncalibrated,17922,2026-09-21T18:30:00,calibration,0,0.262504204474
uncalibrated,17924,2026-09-22T09:30:00,calibration,0,0.0596863439711
uncalibrated,17925,2026-09-22T09:30:00,calibration,0,0.070365368792
uncalibrated,17926,2026-09-22T10:00:00,calibration,0,0.0762025673428
uncalibrated,17927,2026-09-22T11:00:00,calibration,0,0.089998498261
uncalibrated,17928,2026-09-22T11:30:00,calibration,0,0.20868043846
uncalibrated,17929,2026-09-22T12:30:00,calibration,0,0.065067301257
uncalibrated,17930,2026-09-22T12:30:00,calibration,0,0.033014612746
uncalibrated,17931,2026-09-22T14:00:00,calibration,0,0.0403064048447
uncalibrated,17932,2026-09-22T15:30:00,calibration,0,0.105681320698
uncalibrated,17933,2026-09-22T16:00:00,calibration,0,0.0504605135431
uncalibrated,17934,2026-09-22T16:30:00,calibration,0,0.303112169195
uncalibrated,17935,2026-09-22T16:30:00,calibration,0,0.0705089165061
uncalibrated,17936,2026-09-22T17:30:00,calibration,0,0.0494913625763
uncalibrated,17937,2026-09-23T09:00:00,calibration,1,0.0898885266596
uncalibrated,17938,2026-09-23T09:30:00,calibration,0,0.0412954386619
uncalibrated,17939,2026-09-23T10:00:00,calibration,0,0.0377049024149
uncalibrated,17940,2026-09-23T10:30:00,calibration,0,0.0503595663212
uncalibrated,17941,2026-09-23T10:30:00,calibration,0,0.0453143947582
uncalibrated,17942,2026-09-23T11:00:00,calibration,0,0.0566601086624
uncalibrated,17943,2026-09-23T11:00:00,calibration,0,0.131134998641
uncalibrated,17944,2026-09-23T11:30:00,calibration,0,0.0596424846134
uncalibrated,17945,2026-09-23T14:00:00,calibration,0,0.058202882581
uncalibrated,17946,2026-09-23T15:00:00,calibration,0,0.0679043372193
uncalibrated,17947,2026-09-23T15:00:00,calibration,0,0.0859217330104
uncalibrated,17948,2026-09-23T15:00:00,calibration,0,0.0690891749974
uncalibrated,17950,2026-09-23T15:30:00,calibration,0,0.0355459859679
uncalibrated,17951,2026-09-23T15:30:00,calibration,0,0.0577719566228
uncalibrated,17952,2026-09-23T15:30:00,calibration,0,0.076886213966
uncalibrated,17953,2026-09-23T16:00:00,calibration,0,0.0659334087587
uncalibrated,17954,2026-09-23T17:00:00,calibration,0,0.105190992316
uncalibrated,17955,2026-09-23T17:00:00,calibration,0,0.0338551031218
uncalibrated,17956,2026-09-23T17:30:00,calibration,0,0.0520041763118
uncalibrated,17957,2026-09-23T18:00:00,calibration,0,0.0940754512071
uncalibrated,17958,2026-09-25T09:00:00,calibration,0,0.165543446345
uncalibrated,17959,2026-09-25T09:30:00,calibration,0,0.0392757745635
uncalibrated,17960,2026-09-25T10:00:00,calibration,0,0.0785060459341
uncalibrated,17961,2026-09-25T10:30:00,calibration,1,0.075719510776
uncalibrated,17962,2026-09-25T10:30:00,calibration,0,0.0642395165764
uncalibrated,17963,2026-09-25T11:00:00,calibration,0,0.0352186978621
uncalibrated,17964,2026-09-25T11:00:00,calibration,0,0.131184076945
uncalibrated,17965,2026-09-25T11:30:00,calibration,0,0.0505572590799
uncalibrated,17966,2026-09-25T12:30:00,calibration,0,0.0704963306327
uncalibrated,17968,2026-09-25T15:00:00,calibration,0,0.0307104872053
uncalibrated,17969,2026-09-25T15:30:00,calibration,0,0.0402919265591
uncalibrated,17970,2026-09-25T15:30:00,calibration,0,0.0914546107851
uncalibrated,17971,2026-09-25T16:00:00,calibration,0,0.0350265433544
uncalibrated,17972,2026-09-26T10:00:00,calibration,0,0.0554377359472
uncalibrated,17973,2026-09-26T10:00:00,calibration,0,0.0392146113599
uncalibrated,17974,2026-09-26T11:30:00,calibration,0,0.0577335790997
uncalibrated,17975,2026-09-26T14:30:00,calibration,0,0.104807512997
uncalibrated,17976,2026-09-26T15:00:00,calibration,0,0.0354969856359
uncalibrated,17977,2026-09-26T16:00:00,calibration,0,0.0861183889619
uncalibrated,17978,2026-09-26T16:30:00,calibration,0,0.0389474461984
uncalibrated,17979,2026-09-26T16:30:00,calibration,0,0.0323435080679
uncalibrated,17980,2026-09-26T17:00:00,calibration,0,0.105574304209
uncalibrated,17981,2026-09-26T17:00:00,calibration,0,0.0810131121959
uncalibrated,17982,2026-09-26T17:00:00,calibration,1,0.0445384177459
uncalibrated,17983,2026-09-26T17:00:00,calibration,0,0.0805591226665
uncalibrated,17984,2026-09-26T18:00:00,calibration,0,0.114781779
uncalibrated,17986,2026-09-27T10:30:00,calibration,0,0.0415645325086
uncalibrated,17987,2026-09-27T10:30:00,calibration,0,0.127878463887
uncalibrated,17988,2026-09-27T11:30:00,calibration,0,0.0513357551924
uncalibrated,17989,2026-09-27T12:00:00,calibration,0,0.0623122605127
uncalibrated,17990,2026-09-27T12:30:00,calibration,0,0.128887097533
uncalibrated,17991,2026-09-27T12:30:00,calibration,0,0.0391121638224
uncalibrated,17992,2026-09-27T14:30:00,calibration,1,0.0375342865507
uncalibrated,17993,2026-09-27T15:30:00,calibration,0,0.163751616723
uncalibrated,17994,2026-09-27T15:30:00,calibration,0,0.0491229231336
uncalibrated,17996,2026-09-27T16:30:00,calibration,0,0.112329620264
uncalibrated,17997,2026-09-27T17:00:00,calibration,0,0.0763986863749
uncalibrated,17998,2026-09-27T17:00:00,calibration,0,0.0586489700962
uncalibrated,17999,2026-09-28T11:00:00,calibration,0,0.0834329868014
uncalibrated,18000,2026-09-28T11:30:00,calibration,0,0.0451486652542
uncalibrated,18001,2026-09-28T11:30:00,calibration,0,0.164575393104
uncalibrated,18002,2026-09-28T12:30:00,calibration,0,0.114714643875
uncalibrated,18003,2026-09-28T14:00:00,calibration,0,0.247204776081
uncalibrated,18004,2026-09-28T14:30:00,calibration,1,0.137227790093
uncalibrated,18005,2026-09-28T15:00:00,calibration,0,0.0567779800755
uncalibrated,18006,2026-09-28T15:00:00,calibration,0,0.0941815465144
uncalibrated,18008,2026-09-28T16:30:00,calibration,0,0.414105236778
uncalibrated,18010,2026-09-28T18:30:00,calibration,0,0.126967358717
uncalibrated,18011,2026-09-29T09:30:00,calibration,0,0.075597336522
uncalibrated,18012,2026-09-29T10:00:00,calibration,0,0.162841498927
uncalibrated,18013,2026-09-29T11:00:00,calibration,0,0.121850844053
uncalibrated,18014,2026-09-29T11:30:00,calibration,0,0.0863355793166
uncalibrated,18015,2026-09-29T11:30:00,calibration,1,0.196363122228
uncalibrated,18016,2026-09-29T12:00:00,calibration,0,0.0827963749458
uncalibrated,18017,2026-09-29T14:00:00,calibration,0,0.0651644656741
uncalibrated,18018,2026-09-29T15:00:00,calibration,0,0.0661957275075
uncalibrated,18020,2026-09-29T15:30:00,calibration,1,0.219910489348
uncalibrated,18021,2026-09-29T16:00:00,calibration,0,0.0639824180098
uncalibrated,18022,2026-09-29T16:00:00,calibration,0,0.107656184229
uncalibrated,18023,2026-09-29T16:30:00,calibration,0,0.0889522559499
uncalibrated,18024,2026-09-29T17:00:00,calibration,1,0.0362072314169
uncalibrated,18025,2026-09-29T18:00:00,calibration,0,0.0573767065622
sigmoid,17660,2026-09-01T09:30:00,calibration,1,0.0677708403134
sigmoid,17661,2026-09-01T10:00:00,calibration,0,0.0545354198575
sigmoid,17662,2026-09-01T10:30:00,calibration,0,0.0830690855512
sigmoid,17664,2026-09-01T12:00:00,calibration,0,0.0739184679718
sigmoid,17665,2026-09-01T12:00:00,calibration,0,0.0495858905598
sigmoid,17666,2026-09-01T12:30:00,calibration,0,0.055407589902
sigmoid,17667,2026-09-01T15:30:00,calibration,0,0.0872100292187
sigmoid,17668,2026-09-01T16:00:00,calibration,0,0.0702117670586
sigmoid,17669,2026-09-01T16:00:00,calibration,0,0.0475116633148
sigmoid,17670,2026-09-01T16:30:00,calibration,0,0.0546295675584
sigmoid,17672,2026-09-01T16:30:00,calibration,0,0.0459646798118
sigmoid,17673,2026-09-01T17:00:00,calibration,0,0.0432939083753
sigmoid,17674,2026-09-02T09:30:00,calibration,0,0.0682366051086
sigmoid,17675,2026-09-02T10:00:00,calibration,0,0.0382815863916
sigmoid,17676,2026-09-02T11:30:00,calibration,0,0.0643880601813
sigmoid,17677,2026-09-02T12:30:00,calibration,0,0.0581648797472
sigmoid,17678,2026-09-02T15:00:00,calibration,0,0.0380686948781
sigmoid,17679,2026-09-02T15:30:00,calibration,0,0.0544393140598
sigmoid,17680,2026-09-02T15:30:00,calibration,0,0.0469177178563
sigmoid,17681,2026-09-02T15:30:00,calibration,0,0.068329677463
sigmoid,17682,2026-09-02T15:30:00,calibration,0,0.0544974728977
sigmoid,17684,2026-09-02T16:00:00,calibration,0,0.0635624408062
sigmoid,17685,2026-09-02T16:00:00,calibration,0,0.0524550916412
sigmoid,17686,2026-09-02T16:00:00,calibration,1,0.0512832549845
sigmoid,17687,2026-09-02T16:30:00,calibration,0,0.0704807431851
sigmoid,17689,2026-09-02T17:00:00,calibration,1,0.0668213693146
sigmoid,17690,2026-09-02T17:00:00,calibration,0,0.0510478180516
sigmoid,17691,2026-09-02T17:30:00,calibration,0,0.0956008049445
sigmoid,17693,2026-09-02T17:30:00,calibration,0,0.0406237808976
sigmoid,17694,2026-09-02T18:00:00,calibration,0,0.0538576821004
sigmoid,17695,2026-09-02T18:00:00,calibration,0,0.0539027621607
sigmoid,17696,2026-09-04T10:00:00,calibration,0,0.0806524844829
sigmoid,17699,2026-09-04T11:30:00,calibration,0,0.0502394818611
sigmoid,17701,2026-09-04T15:00:00,calibration,0,0.045898019436
sigmoid,17702,2026-09-04T16:00:00,calibration,1,0.074357319236
sigmoid,17703,2026-09-04T16:30:00,calibration,0,0.0346154527897
sigmoid,17704,2026-09-04T17:00:00,calibration,0,0.0503776678209
sigmoid,17705,2026-09-04T17:00:00,calibration,0,0.0465741946584
sigmoid,17706,2026-09-05T09:00:00,calibration,0,0.0408004338824
sigmoid,17707,2026-09-05T09:30:00,calibration,0,0.0473439209932
sigmoid,17708,2026-09-05T10:00:00,calibration,0,0.051944276613
sigmoid,17709,2026-09-05T10:00:00,calibration,0,0.0580524791396
sigmoid,17710,2026-09-05T10:00:00,calibration,0,0.0433014396883
sigmoid,17711,2026-09-05T10:30:00,calibration,1,0.120918188562
sigmoid,17712,2026-09-05T10:30:00,calibration,0,0.0575482929565
sigmoid,17713,2026-09-05T11:00:00,calibration,0,0.0309140242452
sigmoid,17714,2026-09-05T11:30:00,calibration,0,0.0570180372627
sigmoid,17716,2026-09-05T14:00:00,calibration,0,0.0451443119142
sigmoid,17717,2026-09-05T15:00:00,calibration,0,0.042649214749
sigmoid,17718,2026-09-05T15:30:00,calibration,0,0.0559796961133
sigmoid,17719,2026-09-05T16:00:00,calibration,0,0.0839764636388
sigmoid,17720,2026-09-05T16:30:00,calibration,0,0.064040049494
sigmoid,17721,2026-09-05T16:30:00,calibration,0,0.0552582735204
sigmoid,17722,2026-09-05T17:00:00,calibration,0,0.0675270608609
sigmoid,17723,2026-09-05T18:30:00,calibration,0,0.0509980377649
sigmoid,17724,2026-09-06T10:00:00,calibration,0,0.0563303750551
sigmoid,17725,2026-09-06T11:30:00,calibration,0,0.0623560216948
sigmoid,17727,2026-09-06T12:00:00,calibration,0,0.0332526030813
sigmoid,17728,2026-09-06T14:00:00,calibration,0,0.0700863509021
sigmoid,17729,2026-09-06T14:00:00,calibration,0,0.0598487506055
sigmoid,17730,2026-09-06T15:00:00,calibration,0,0.070111052797
sigmoid,17731,2026-09-06T15:30:00,calibration,1,0.0767920791658
sigmoid,17732,2026-09-06T16:00:00,calibration,0,0.0809651355555
sigmoid,17733,2026-09-06T17:00:00,calibration,0,0.0520439045346
sigmoid,17734,2026-09-06T17:00:00,calibration,0,0.0560770256751
sigmoid,17735,2026-09-06T17:30:00,calibration,0,0.0655119356204
sigmoid,17736,2026-09-06T18:30:00,calibration,0,0.0529375118451
sigmoid,17737,2026-09-06T18:30:00,calibration,0,0.0582754994466
sigmoid,17738,2026-09-07T09:30:00,calibration,0,0.0548917129887
sigmoid,17740,2026-09-07T11:30:00,calibration,0,0.0842255332898
sigmoid,17743,2026-09-07T12:00:00,calibration,0,0.06540455825
sigmoid,17744,2026-09-07T14:30:00,calibration,0,0.0606907375211
sigmoid,17745,2026-09-07T15:00:00,calibration,0,0.0538078402118
sigmoid,17746,2026-09-07T16:00:00,calibration,0,0.0653412345279
sigmoid,17747,2026-09-07T16:00:00,calibration,0,0.0548844356704
sigmoid,17748,2026-09-07T16:00:00,calibration,0,0.066188876704
sigmoid,17749,2026-09-07T16:00:00,calibration,0,0.0521360234856
sigmoid,17750,2026-09-07T17:30:00,calibration,0,0.033003673846
sigmoid,17751,2026-09-08T09:00:00,calibration,0,0.0463302345867
sigmoid,17752,2026-09-08T09:30:00,calibration,0,0.0695066521117
sigmoid,17753,2026-09-08T10:00:00,calibration,0,0.0498755943805
sigmoid,17754,2026-09-08T10:30:00,calibration,0,0.0661452054694
sigmoid,17755,2026-09-08T11:30:00,calibration,0,0.079334272918
sigmoid,17757,2026-09-08T17:00:00,calibration,0,0.0620673407723
sigmoid,17758,2026-09-09T09:00:00,calibration,0,0.0522929434516
sigmoid,17759,2026-09-09T10:00:00,calibration,0,0.0745750339754
sigmoid,17760,2026-09-09T10:30:00,calibration,1,0.0567551637197
sigmoid,17761,2026-09-09T11:00:00,calibration,0,0.0478468176039
sigmoid,17762,2026-09-09T11:30:00,calibration,0,0.0835215580602
sigmoid,17763,2026-09-09T12:00:00,calibration,0,0.0442820243295
sigmoid,17765,2026-09-09T14:00:00,calibration,1,0.0741749258064
sigmoid,17766,2026-09-09T14:30:00,calibration,0,0.0617669932748
sigmoid,17767,2026-09-09T15:00:00,calibration,0,0.0315855851559
sigmoid,17768,2026-09-09T15:00:00,calibration,0,0.0769075645278
sigmoid,17769,2026-09-09T15:30:00,calibration,1,0.042707501374
sigmoid,17770,2026-09-09T15:30:00,calibration,0,0.0571494858595
sigmoid,17771,2026-09-09T15:30:00,calibration,0,0.0356427454737
sigmoid,17772,2026-09-09T17:00:00,calibration,0,0.0644605878008
sigmoid,17773,2026-09-09T17:00:00,calibration,1,0.0550520891893
sigmoid,17774,2026-09-09T17:00:00,calibration,0,0.0504756952342
sigmoid,17775,2026-09-09T18:00:00,calibration,0,0.0757051861134
sigmoid,17776,2026-09-09T18:00:00,calibration,0,0.051834059062
sigmoid,17777,2026-09-09T18:30:00,calibration,0,0.0323735584726
sigmoid,17778,2026-09-09T18:30:00,calibration,0,0.0506714555028
sigmoid,17779,2026-09-09T18:30:00,calibration,0,0.0533236825295
sigmoid,17780,2026-09-11T10:00:00,calibration,0,0.065404010506
sigmoid,17781,2026-09-11T10:00:00,calibration,0,0.0594655341735
sigmoid,17782,2026-09-11T10:30:00,calibration,0,0.0549855684767
sigmoid,17783,2026-09-11T11:30:00,calibration,0,0.0670999608631
sigmoid,17784,2026-09-11T11:30:00,calibration,0,0.0697019661012
sigmoid,17785,2026-09-11T12:00:00,calibration,0,0.0380185901933
sigmoid,17786,2026-09-11T12:00:00,calibration,0,0.0901388190181
sigmoid,17787,2026-09-11T14:30:00,calibration,0,0.0660021900154
sigmoid,17788,2026-09-11T14:30:00,calibration,0,0.0532137048118
sigmoid,17789,2026-09-11T15:30:00,calibration,0,0.0820994915597
sigmoid,17790,2026-09-11T15:30:00,calibration,0,0.0445859742555
sigmoid,17791,2026-09-11T15:30:00,calibration,0,0.0505989392492
sigmoid,17792,2026-09-11T15:30:00,calibration,0,0.0753027753474
sigmoid,17793,2026-09-11T16:00:00,calibration,0,0.0538806573874
sigmoid,17794,2026-09-11T16:30:00,calibration,0,0.0765729291866
sigmoid,17795,2026-09-11T16:30:00,calibration,0,0.0623415143183
sigmoid,17796,2026-09-11T18:30:00,calibration,0,0.0766933176761
sigmoid,17799,2026-09-12T10:30:00,calibration,0,0.0503437205753
sigmoid,17800,2026-09-12T11:30:00,calibration,0,0.0571024181343
sigmoid,17801,2026-09-12T12:00:00,calibration,0,0.0441629970935
sigmoid,17803,2026-09-12T12:30:00,calibration,0,0.0501305256099
sigmoid,17804,2026-09-12T14:00:00,calibration,0,0.0434225261082
sigmoid,17805,2026-09-12T14:30:00,calibration,0,0.0441130659524
sigmoid,17806,2026-09-12T15:30:00,calibration,0,0.0760499366366
sigmoid,17807,2026-09-12T15:30:00,calibration,0,0.0772652068854
sigmoid,17808,2026-09-12T15:30:00,calibration,0,0.0634448682818
sigmoid,17809,2026-09-12T15:30:00,calibration,0,0.0336049217227
sigmoid,17810,2026-09-12T15:30:00,calibration,0,0.0820067162536
sigmoid,17811,2026-09-12T16:30:00,calibration,1,0.0622253398779
sigmoid,17812,2026-09-12T17:00:00,calibration,0,0.0668560123889
sigmoid,17813,2026-09-12T17:00:00,calibration,0,0.0345272859233
sigmoid,17814,2026-09-12T17:00:00,calibration,0,0.0697350130815
sigmoid,17815,2026-09-12T17:30:00,calibration,0,0.0600820824483
sigmoid,17818,2026-09-13T10:00:00,calibration,0,0.111474663678
sigmoid,17819,2026-09-13T10:30:00,calibration,0,0.0496276700849
sigmoid,17820,2026-09-13T11:30:00,calibration,0,0.0897720019906
sigmoid,17821,2026-09-13T14:30:00,calibration,0,0.0702073572254
sigmoid,17822,2026-09-13T14:30:00,calibration,0,0.0760710632712
sigmoid,17823,2026-09-13T14:30:00,calibration,0,0.0320529316148
sigmoid,17824,2026-09-13T15:00:00,calibration,0,0.0841127763538
sigmoid,17825,2026-09-13T16:00:00,calibration,0,0.0529496607006
sigmoid,17826,2026-09-13T16:30:00,calibration,0,0.0432695887491
sigmoid,17827,2026-09-13T16:30:00,calibration,0,0.0956526997399
sigmoid,17828,2026-09-13T16:30:00,calibration,0,0.0772079789433
sigmoid,17829,2026-09-13T17:00:00,calibration,0,0.0503577998269
sigmoid,17830,2026-09-13T17:00:00,calibration,1,0.0593238813888
sigmoid,17831,2026-09-14T09:00:00,calibration,0,0.0827825770407
sigmoid,17832,2026-09-14T09:00:00,calibration,0,0.0576694980204
sigmoid,17833,2026-09-14T10:30:00,calibration,0,0.0745666750313
sigmoid,17836,2026-09-14T14:00:00,calibration,0,0.0679918314406
sigmoid,17837,2026-09-14T14:00:00,calibration,0,0.07979031753
sigmoid,17838,2026-09-14T15:30:00,calibration,0,0.0646992366382
sigmoid,17839,2026-09-14T16:30:00,calibration,0,0.0719226721556
sigmoid,17840,2026-09-14T17:00:00,calibration,0,0.0487624916175
sigmoid,17841,2026-09-14T17:00:00,calibration,0,0.055931928719
sigmoid,17842,2026-09-14T17:00:00,calibration,0,0.0306363177306
sigmoid,17843,2026-09-14T18:00:00,calibration,0,0.0352146551806
sigmoid,17844,2026-09-15T09:00:00,calibration,0,0.0673173524609
sigmoid,17845,2026-09-15T10:00:00,calibration,0,0.0512017823469
sigmoid,17846,2026-09-15T10:00:00,calibration,0,0.0768594804808
sigmoid,17847,2026-09-15T11:00:00,calibration,0,0.0857495459833
sigmoid,17848,2026-09-15T12:30:00,calibration,0,0.0299880126328
sigmoid,17849,2026-09-15T12:30:00,calibration,0,0.0634693755519
sigmoid,17850,2026-09-15T14:30:00,calibration,0,0.0820452267628
sigmoid,17851,2026-09-15T15:00:00,calibration,0,0.0443335572582
sigmoid,17852,2026-09-15T15:30:00,calibration,0,0.0617825600413
sigmoid,17853,2026-09-15T15:30:00,calibration,0,0.0496352946827
sigmoid,17854,2026-09-15T16:00:00,calibration,0,0.0777553746255
sigmoid,17855,2026-09-15T16:00:00,calibration,0,0.0568690856005
sigmoid,17856,2026-09-15T16:00:00,calibration,0,0.0417759293794
sigmoid,17857,2026-09-15T16:30:00,calibration,0,0.0966636615594
sigmoid,17858,2026-09-15T16:30:00,calibration,0,0.0549201228771
sigmoid,17859,2026-09-15T17:00:00,calibration,0,0.0566017249972
sigmoid,17860,2026-09-15T17:30:00,calibration,0,0.0574970761766
sigmoid,17861,2026-09-16T10:00:00,calibration,0,0.0429271749545
sigmoid,17862,2026-09-16T10:00:00,calibration,0,0.0394830328343
sigmoid,17864,2026-09-16T11:30:00,calibration,0,0.0530041217759
sigmoid,17865,2026-09-16T12:00:00,calibration,0,0.0435449036691
sigmoid,17866,2026-09-16T12:30:00,calibration,0,0.0552023067094
sigmoid,17867,2026-09-16T12:30:00,calibration,0,0.0352880867646
sigmoid,17868,2026-09-16T15:00:00,calibration,0,0.0420005906932
sigmoid,17870,2026-09-16T15:30:00,calibration,0,0.0563957578405
sigmoid,17871,2026-09-16T16:00:00,calibration,0,0.108348261611
sigmoid,17872,2026-09-16T16:00:00,calibration,0,0.0468785127736
sigmoid,17874,2026-09-16T16:30:00,calibration,0,0.0956945161783
sigmoid,17875,2026-09-16T16:30:00,calibration,0,0.0601467809387
sigmoid,17876,2026-09-16T17:00:00,calibration,0,0.0458674805436
sigmoid,17877,2026-09-16T17:30:00,calibration,0,0.0400807263867
sigmoid,17878,2026-09-16T18:30:00,calibration,0,0.0807062879478
sigmoid,17879,2026-09-16T18:30:00,calibration,0,0.0321109732315
sigmoid,17880,2026-09-18T10:00:00,calibration,0,0.0503459717644
sigmoid,17881,2026-09-18T10:30:00,calibration,0,0.0469638508945
sigmoid,17882,2026-09-18T11:00:00,calibration,0,0.0462911182377
sigmoid,17884,2026-09-18T12:30:00,calibration,1,0.0618266757988
sigmoid,17885,2026-09-18T12:30:00,calibration,1,0.0841225283783
sigmoid,17886,2026-09-18T14:00:00,calibration,0,0.0430780270757
sigmoid,17887,2026-09-18T14:00:00,calibration,0,0.0645204648821
sigmoid,17888,2026-09-18T16:30:00,calibration,0,0.0635119795271
sigmoid,17889,2026-09-18T18:30:00,calibration,0,0.0597340841462
sigmoid,17890,2026-09-19T09:00:00,calibration,0,0.0580412017861
sigmoid,17891,2026-09-19T10:00:00,calibration,0,0.0818377082846
sigmoid,17892,2026-09-19T11:00:00,calibration,0,0.0505768783456
sigmoid,17893,2026-09-19T11:30:00,calibration,1,0.0377936397676
sigmoid,17894,2026-09-19T14:00:00,calibration,0,0.0563700096519
sigmoid,17895,2026-09-19T14:30:00,calibration,0,0.040293821182
sigmoid,17896,2026-09-19T16:30:00,calibration,0,0.102585477321
sigmoid,17897,2026-09-19T18:30:00,calibration,1,0.0876988382021
sigmoid,17898,2026-09-20T10:00:00,calibration,0,0.106348424275
sigmoid,17899,2026-09-20T10:00:00,calibration,0,0.0647139985574
sigmoid,17901,2026-09-20T10:30:00,calibration,0,0.030321271903
sigmoid,17902,2026-09-20T10:30:00,calibration,0,0.0376780018349
sigmoid,17903,2026-09-20T11:00:00,calibration,0,0.0479385100148
sigmoid,17904,2026-09-20T11:30:00,calibration,0,0.0447654930239
sigmoid,17905,2026-09-20T12:30:00,calibration,0,0.0682077019084
sigmoid,17907,2026-09-20T16:30:00,calibration,0,0.0626130686616
sigmoid,17908,2026-09-20T17:30:00,calibration,0,0.0574580403876
sigmoid,17909,2026-09-20T18:00:00,calibration,0,0.0758259959854
sigmoid,17910,2026-09-20T18:30:00,calibration,0,0.0403667518228
sigmoid,17911,2026-09-20T18:30:00,calibration,1,0.0871817066743
sigmoid,17912,2026-09-21T09:30:00,calibration,0,0.0541657058552
sigmoid,17914,2026-09-21T11:00:00,calibration,0,0.0416260024195
sigmoid,17916,2026-09-21T12:00:00,calibration,0,0.0591542100901
sigmoid,17917,2026-09-21T14:00:00,calibration,0,0.0682395344739
sigmoid,17918,2026-09-21T14:30:00,calibration,0,0.0447340008925
sigmoid,17919,2026-09-21T15:30:00,calibration,0,0.060960137897
sigmoid,17920,2026-09-21T16:30:00,calibration,0,0.0968617409957
sigmoid,17921,2026-09-21T17:00:00,calibration,0,0.0470255075193
sigmoid,17922,2026-09-21T18:30:00,calibration,0,0.121663405452
sigmoid,17924,2026-09-22T09:30:00,calibration,0,0.0506868160098
sigmoid,17925,2026-09-22T09:30:00,calibration,0,0.0555799884747
sigmoid,17926,2026-09-22T10:00:00,calibration,0,0.0581291700651
sigmoid,17927,2026-09-22T11:00:00,calibration,0,0.063871707391
sigmoid,17928,2026-09-22T11:30:00,calibration,0,0.105025196895
sigmoid,17929,2026-09-22T12:30:00,calibration,0,0.0531928134761
sigmoid,17930,2026-09-22T12:30:00,calibration,0,0.0365108351717
sigmoid,17931,2026-09-22T14:00:00,calibration,0,0.0407605566446
sigmoid,17932,2026-09-22T15:30:00,calibration,0,0.0700158845483
sigmoid,17933,2026-09-22T16:00:00,calibration,0,0.0461630231875
sigmoid,17934,2026-09-22T16:30:00,calibration,0,0.134013765969
sigmoid,17935,2026-09-22T16:30:00,calibration,0,0.055643652926
sigmoid,17936,2026-09-22T17:30:00,calibration,0,0.0456685791645
sigmoid,17937,2026-09-23T09:00:00,calibration,1,0.0638273047235
sigmoid,17938,2026-09-23T09:30:00,calibration,0,0.0413104421807
sigmoid,17939,2026-09-23T10:00:00,calibration,0,0.0392858037485
sigmoid,17940,2026-09-23T10:30:00,calibration,0,0.0461117082975
sigmoid,17941,2026-09-23T10:30:00,calibration,0,0.0434892629007
sigmoid,17942,2026-09-23T11:00:00,calibration,0,0.0492369919435
sigmoid,17943,2026-09-23T11:00:00,calibration,0,0.0793537550899
sigmoid,17944,2026-09-23T11:30:00,calibration,0,0.0506660215486
sigmoid,17945,2026-09-23T14:00:00,calibration,0,0.049979973617
sigmoid,17946,2026-09-23T15:00:00,calibration,0,0.0544803631647
sigmoid,17947,2026-09-23T15:00:00,calibration,0,0.0622118314302
sigmoid,17948,2026-09-23T15:00:00,calibration,0,0.0550117074646
sigmoid,17950,2026-09-23T15:30:00,calibration,0,0.0380282903546
sigmoid,17951,2026-09-23T15:30:00,calibration,0,0.0497732672063
sigmoid,17952,2026-09-23T15:30:00,calibration,0,0.0584226512683
sigmoid,17953,2026-09-23T16:00:00,calibration,0,0.0535882269862
sigmoid,17954,2026-09-23T17:00:00,calibration,0,0.0698289516836
sigmoid,17955,2026-09-23T17:00:00,calibration,0,0.0370201111754
sigmoid,17956,2026-09-23T17:30:00,calibration,0,0.0469424497154
sigmoid,17957,2026-09-23T18:00:00,calibration,0,0.065503973234
sigmoid,17958,2026-09-25T09:00:00,calibration,0,0.09112429202
sigmoid,17959,2026-09-25T09:30:00,calibration,0,0.0401813512947
sigmoid,17960,2026-09-25T10:00:00,calibration,0,0.0591140199938
sigmoid,17961,2026-09-25T10:30:00,calibration,1,0.0579211827013
sigmoid,17962,2026-09-25T10:30:00,calibration,0,0.052812914048
sigmoid,17963,2026-09-25T11:00:00,calibration,0,0.03783479948
sigmoid,17964,2026-09-25T11:00:00,calibration,0,0.0793711537926
sigmoid,17965,2026-09-25T11:30:00,calibration,0,0.046212161935
sigmoid,17966,2026-09-25T12:30:00,calibration,0,0.0556380730516
sigmoid,17968,2026-09-25T15:00:00,calibration,0,0.0350848823787
sigmoid,17969,2026-09-25T15:30:00,calibration,0,0.040752464297
sigmoid,17970,2026-09-25T15:30:00,calibration,0,0.0644577523156
sigmoid,17971,2026-09-25T16:00:00,calibration,0,0.0377208354086
sigmoid,17972,2026-09-26T10:00:00,calibration,0,0.0486423838994
sigmoid,17973,2026-09-26T10:00:00,calibration,0,0.0401467741322
sigmoid,17974,2026-09-26T11:30:00,calibration,0,0.0497548276744
sigmoid,17975,2026-09-26T14:30:00,calibration,0,0.0696825408981
sigmoid,17976,2026-09-26T15:00:00,calibration,0,0.0379993709523
sigmoid,17977,2026-09-26T16:00:00,calibration,0,0.0622925688785
sigmoid,17978,2026-09-26T16:30:00,calibration,0,0.0399954660245
sigmoid,17979,2026-09-26T16:30:00,calibration,0,0.036100125007
sigmoid,17980,2026-09-26T17:00:00,calibration,0,0.0699751115388
sigmoid,17981,2026-09-26T17:00:00,calibration,0,0.0601733326478
sigmoid,17982,2026-09-26T17:00:00,calibration,1,0.0430751923077
sigmoid,17983,2026-09-26T17:00:00,calibration,0,0.0599824514094
sigmoid,17984,2026-09-26T18:00:00,calibration,0,0.0734327748936
sigmoid,17986,2026-09-27T10:30:00,calibration,0,0.0414590748841
sigmoid,17987,2026-09-27T10:30:00,calibration,0,0.0781946460871
sigmoid,17988,2026-09-27T11:30:00,calibration,0,0.0466061527439
sigmoid,17989,2026-09-27T12:00:00,calibration,0,0.0519206964621
sigmoid,17990,2026-09-27T12:30:00,calibration,0,0.0785546403442
sigmoid,17991,2026-09-27T12:30:00,calibration,0,0.0400888058676
sigmoid,17992,2026-09-27T14:30:00,calibration,1,0.0391875766621
sigmoid,17993,2026-09-27T15:30:00,calibration,0,0.0905294545234
sigmoid,17994,2026-09-27T15:30:00,calibration,0,0.0454795447801
sigmoid,17996,2026-09-27T16:30:00,calibration,0,0.0725215223794
sigmoid,17997,2026-09-27T17:00:00,calibration,0,0.0582134657631
sigmoid,17998,2026-09-27T17:00:00,calibration,0,0.0501932931545
sigmoid,17999,2026-09-28T11:00:00,calibration,0,0.06118396935
sigmoid,18000,2026-09-28T11:30:00,calibration,0,0.0434010817713
sigmoid,18001,2026-09-28T11:30:00,calibration,0,0.0908031354144
sigmoid,18002,2026-09-28T12:30:00,calibration,0,0.0734079149747
sigmoid,18003,2026-09-28T14:00:00,calibration,0,0.116981779157
sigmoid,18004,2026-09-28T14:30:00,calibration,1,0.081498549346
sigmoid,18005,2026-09-28T15:00:00,calibration,0,0.0492940483475
sigmoid,18006,2026-09-28T15:00:00,calibration,0,0.065546098909
sigmoid,18008,2026-09-28T16:30:00,calibration,0,0.168333793821
sigmoid,18010,2026-09-28T18:30:00,calibration,0,0.0778686828996
sigmoid,18011,2026-09-29T09:30:00,calibration,0,0.0578684970106
sigmoid,18012,2026-09-29T10:00:00,calibration,0,0.0902266676767
sigmoid,18013,2026-09-29T11:00:00,calibration,0,0.0760239494079
sigmoid,18014,2026-09-29T11:30:00,calibration,0,0.0623816562241
sigmoid,18015,2026-09-29T11:30:00,calibration,1,0.101126109928
sigmoid,18016,2026-09-29T12:00:00,calibration,0,0.0609191892334
sigmoid,18017,2026-09-29T14:00:00,calibration,0,0.053237277814
sigmoid,18018,2026-09-29T15:00:00,calibration,0,0.0537075744476
sigmoid,18020,2026-09-29T15:30:00,calibration,1,0.108543073983
sigmoid,18021,2026-09-29T16:00:00,calibration,0,0.052694521932
sigmoid,18022,2026-09-29T16:00:00,calibration,0,0.0707657346583
sigmoid,18023,2026-09-29T16:30:00,calibration,0,0.0634484503115
sigmoid,18024,2026-09-29T17:00:00,calibration,1,0.0384168744404
sigmoid,18025,2026-09-29T18:00:00,calibration,0,0.0495831169235
isotonic,17660,2026-09-01T09:30:00,calibration,1,0.0714285714286
isotonic,17661,2026-09-01T10:00:00,calibration,0,0.0522875816993
isotonic,17662,2026-09-01T10:30:00,calibration,0,0.0802675585284
isotonic,17664,2026-09-01T12:00:00,calibration,0,0.0802675585284
isotonic,17665,2026-09-01T12:00:00,calibration,0,0.0522875816993
isotonic,17666,2026-09-01T12:30:00,calibration,0,0.0522875816993
isotonic,17667,2026-09-01T15:30:00,calibration,0,0.0802675585284
isotonic,17668,2026-09-01T16:00:00,calibration,0,0.0802675585284
isotonic,17669,2026-09-01T16:00:00,calibration,0,0.0522875816993
isotonic,17670,2026-09-01T16:30:00,calibration,0,0.0522875816993
isotonic,17672,2026-09-01T16:30:00,calibration,0,0.0522875816993
isotonic,17673,2026-09-01T17:00:00,calibration,0,0.0204081632653
isotonic,17674,2026-09-02T09:30:00,calibration,0,0.0714285714286
isotonic,17675,2026-09-02T10:00:00,calibration,0,0
isotonic,17676,2026-09-02T11:30:00,calibration,0,0.0630630630631
isotonic,17677,2026-09-02T12:30:00,calibration,0,0.0609756097561
isotonic,17678,2026-09-02T15:00:00,calibration,0,0
isotonic,17679,2026-09-02T15:30:00,calibration,0,0.0522875816993
isotonic,17680,2026-09-02T15:30:00,calibration,0,0.0522875816993
isotonic,17681,2026-09-02T15:30:00,calibration,0,0.0714285714286
isotonic,17682,2026-09-02T15:30:00,calibration,0,0.0522875816993
isotonic,17684,2026-09-02T16:00:00,calibration,0,0.0630630630631
isotonic,17685,2026-09-02T16:00:00,calibration,0,0.0522875816993
isotonic,17686,2026-09-02T16:00:00,calibration,1,0.0522875816993
isotonic,17687,2026-09-02T16:30:00,calibration,0,0.0802675585284
isotonic,17689,2026-09-02T17:00:00,calibration,1,0.0630630630631
isotonic,17690,2026-09-02T17:00:00,calibration,0,0.0522875816993
isotonic,17691,2026-09-02T17:30:00,calibration,0,0.0802675585284
isotonic,17693,2026-09-02T17:30:00,calibration,0,0.0204081632653
isotonic,17694,2026-09-02T18:00:00,calibration,0,0.0522875816993
isotonic,17695,2026-09-02T18:00:00,calibration,0,0.0522875816993
isotonic,17696,2026-09-04T10:00:00,calibration,0,0.0802675585284
isotonic,17699,2026-09-04T11:30:00,calibration,0,0.0522875816993
isotonic,17701,2026-09-04T15:00:00,calibration,0,0.0522875816993
isotonic,17702,2026-09-04T16:00:00,calibration,1,0.0802675585284
isotonic,17703,2026-09-04T16:30:00,calibration,0,0
isotonic,17704,2026-09-04T17:00:00,calibration,0,0.0522875816993
isotonic,17705,2026-09-04T17:00:00,calibration,0,0.0522875816993
isotonic,17706,2026-09-05T09:00:00,calibration,0,0.0204081632653
isotonic,17707,2026-09-05T09:30:00,calibration,0,0.0522875816993
isotonic,17708,2026-09-05T10:00:00,calibration,0,0.0522875816993
isotonic,17709,2026-09-05T10:00:00,calibration,0,0.0609756097561
isotonic,17710,2026-09-05T10:00:00,calibration,0,0.0204081632653
isotonic,17711,2026-09-05T10:30:00,calibration,1,0.285714285714
isotonic,17712,2026-09-05T10:30:00,calibration,0,0.0609756097561
isotonic,17713,2026-09-05T11:00:00,calibration,0,0
isotonic,17714,2026-09-05T11:30:00,calibration,0,0.0609756097561
isotonic,17716,2026-09-05T14:00:00,calibration,0,0.0437255348929
isotonic,17717,2026-09-05T15:00:00,calibration,0,0.0204081632653
isotonic,17718,2026-09-05T15:30:00,calibration,0,0.0609756097561
isotonic,17719,2026-09-05T16:00:00,calibration,0,0.0802675585284
isotonic,17720,2026-09-05T16:30:00,calibration,0,0.0630630630631
isotonic,17721,2026-09-05T16:30:00,calibration,0,0.0522875816993
isotonic,17722,2026-09-05T17:00:00,calibration,0,0.0669051220839
isotonic,17723,2026-09-05T18:30:00,calibration,0,0.0522875816993
isotonic,17724,2026-09-06T10:00:00,calibration,0,0.0609756097561
isotonic,17725,2026-09-06T11:30:00,calibration,0,0.0630630630631
isotonic,17727,2026-09-06T12:00:00,calibration,0,0
isotonic,17728,2026-09-06T14:00:00,calibration,0,0.0802675585284
isotonic,17729,2026-09-06T14:00:00,calibration,0,0.0609756097561
isotonic,17730,2026-09-06T15:00:00,calibration,0,0.0802675585284
isotonic,17731,2026-09-06T15:30:00,calibration,1,0.0802675585284
isotonic,17732,2026-09-06T16:00:00,calibration,0,0.0802675585284
isotonic,17733,2026-09-06T17:00:00,calibration,0,0.0522875816993
isotonic,17734,2026-09-06T17:00:00,calibration,0,0.0609756097561
isotonic,17735,2026-09-06T17:30:00,calibration,0,0.0630630630631
isotonic,17736,2026-09-06T18:30:00,calibration,0,0.0522875816993
isotonic,17737,2026-09-06T18:30:00,calibration,0,0.0609756097561
isotonic,17738,2026-09-07T09:30:00,calibration,0,0.0522875816993
isotonic,17740,2026-09-07T11:30:00,calibration,0,0.0802675585284
isotonic,17743,2026-09-07T12:00:00,calibration,0,0.0630630630631
isotonic,17744,2026-09-07T14:30:00,calibration,0,0.0609756097561
isotonic,17745,2026-09-07T15:00:00,calibration,0,0.0522875816993
isotonic,17746,2026-09-07T16:00:00,calibration,0,0.0630630630631
isotonic,17747,2026-09-07T16:00:00,calibration,0,0.0522875816993
isotonic,17748,2026-09-07T16:00:00,calibration,0,0.0630630630631
isotonic,17749,2026-09-07T16:00:00,calibration,0,0.0522875816993
isotonic,17750,2026-09-07T17:30:00,calibration,0,0
isotonic,17751,2026-09-08T09:00:00,calibration,0,0.0522875816993
isotonic,17752,2026-09-08T09:30:00,calibration,0,0.0802675585284
isotonic,17753,2026-09-08T10:00:00,calibration,0,0.0522875816993
isotonic,17754,2026-09-08T10:30:00,calibration,0,0.0630630630631
isotonic,17755,2026-09-08T11:30:00,calibration,0,0.0802675585284
isotonic,17757,2026-09-08T17:00:00,calibration,0,0.0630630630631
isotonic,17758,2026-09-09T09:00:00,calibration,0,0.0522875816993
isotonic,17759,2026-09-09T10:00:00,calibration,0,0.0802675585284
isotonic,17760,2026-09-09T10:30:00,calibration,1,0.0609756097561
isotonic,17761,2026-09-09T11:00:00,calibration,0,0.0522875816993
isotonic,17762,2026-09-09T11:30:00,calibration,0,0.0802675585284
isotonic,17763,2026-09-09T12:00:00,calibration,0,0.0204081632653
isotonic,17765,2026-09-09T14:00:00,calibration,1,0.0802675585284
isotonic,17766,2026-09-09T14:30:00,calibration,0,0.0630630630631
isotonic,17767,2026-09-09T15:00:00,calibration,0,0
isotonic,17768,2026-09-09T15:00:00,calibration,0,0.0802675585284
isotonic,17769,2026-09-09T15:30:00,calibration,1,0.0204081632653
isotonic,17770,2026-09-09T15:30:00,calibration,0,0.0609756097561
isotonic,17771,2026-09-09T15:30:00,calibration,0,0
isotonic,17772,2026-09-09T17:00:00,calibration,0,0.0630630630631
isotonic,17773,2026-09-09T17:00:00,calibration,1,0.0522875816993
isotonic,17774,2026-09-09T17:00:00,calibration,0,0.0522875816993
isotonic,17775,2026-09-09T18:00:00,calibration,0,0.0802675585284
isotonic,17776,2026-09-09T18:00:00,calibration,0,0.0522875816993
isotonic,17777,2026-09-09T18:30:00,calibration,0,0
isotonic,17778,2026-09-09T18:30:00,calibration,0,0.0522875816993
isotonic,17779,2026-09-09T18:30:00,calibration,0,0.0522875816993
isotonic,17780,2026-09-11T10:00:00,calibration,0,0.0630630630631
isotonic,17781,2026-09-11T10:00:00,calibration,0,0.0609756097561
isotonic,17782,2026-09-11T10:30:00,calibration,0,0.0522875816993
isotonic,17783,2026-09-11T11:30:00,calibration,0,0.0630630630631
isotonic,17784,2026-09-11T11:30:00,calibration,0,0.0802675585284
isotonic,17785,2026-09-11T12:00:00,calibration,0,0
isotonic,17786,2026-09-11T12:00:00,calibration,0,0.0802675585284
isotonic,17787,2026-09-11T14:30:00,calibration,0,0.0630630630631
isotonic,17788,2026-09-11T14:30:00,calibration,0,0.0522875816993
isotonic,17789,2026-09-11T15:30:00,calibration,0,0.0802675585284
isotonic,17790,2026-09-11T15:30:00,calibration,0,0.0204081632653
isotonic,17791,2026-09-11T15:30:00,calibration,0,0.0522875816993
isotonic,17792,2026-09-11T15:30:00,calibration,0,0.0802675585284
isotonic,17793,2026-09-11T16:00:00,calibration,0,0.0522875816993
isotonic,17794,2026-09-11T16:30:00,calibration,0,0.0802675585284
isotonic,17795,2026-09-11T16:30:00,calibration,0,0.0630630630631
isotonic,17796,2026-09-11T18:30:00,calibration,0,0.0802675585284
isotonic,17799,2026-09-12T10:30:00,calibration,0,0.0522875816993
isotonic,17800,2026-09-12T11:30:00,calibration,0,0.0609756097561
isotonic,17801,2026-09-12T12:00:00,calibration,0,0.0204081632653
isotonic,17803,2026-09-12T12:30:00,calibration,0,0.0522875816993
isotonic,17804,2026-09-12T14:00:00,calibration,0,0.0204081632653
isotonic,17805,2026-09-12T14:30:00,calibration,0,0.0204081632653
isotonic,17806,2026-09-12T15:30:00,calibration,0,0.0802675585284
isotonic,17807,2026-09-12T15:30:00,calibration,0,0.0802675585284
isotonic,17808,2026-09-12T15:30:00,calibration,0,0.0630630630631
isotonic,17809,2026-09-12T15:30:00,calibration,0,0
isotonic,17810,2026-09-12T15:30:00,calibration,0,0.0802675585284
isotonic,17811,2026-09-12T16:30:00,calibration,1,0.0630630630631
isotonic,17812,2026-09-12T17:00:00,calibration,0,0.0630630630631
isotonic,17813,2026-09-12T17:00:00,calibration,0,0
isotonic,17814,2026-09-12T17:00:00,calibration,0,0.0802675585284
isotonic,17815,2026-09-12T17:30:00,calibration,0,0.0609756097561
isotonic,17818,2026-09-13T10:00:00,calibration,0,0.0802675585284
isotonic,17819,2026-09-13T10:30:00,calibration,0,0.0522875816993
isotonic,17820,2026-09-13T11:30:00,calibration,0,0.0802675585284
isotonic,17821,2026-09-13T14:30:00,calibration,0,0.0802675585284
isotonic,17822,2026-09-13T14:30:00,calibration,0,0.0802675585284
isotonic,17823,2026-09-13T14:30:00,calibration,0,0
isotonic,17824,2026-09-13T15:00:00,calibration,0,0.0802675585284
isotonic,17825,2026-09-13T16:00:00,calibration,0,0.0522875816993
isotonic,17826,2026-09-13T16:30:00,calibration,0,0.0204081632653
isotonic,17827,2026-09-13T16:30:00,calibration,0,0.0802675585284
isotonic,17828,2026-09-13T16:30:00,calibration,0,0.0802675585284
isotonic,17829,2026-09-13T17:00:00,calibration,0,0.0522875816993
isotonic,17830,2026-09-13T17:00:00,calibration,1,0.0609756097561
isotonic,17831,2026-09-14T09:00:00,calibration,0,0.0802675585284
isotonic,17832,2026-09-14T09:00:00,calibration,0,0.0609756097561
isotonic,17833,2026-09-14T10:30:00,calibration,0,0.0802675585284
isotonic,17836,2026-09-14T14:00:00,calibration,0,0.0714285714286
isotonic,17837,2026-09-14T14:00:00,calibration,0,0.0802675585284
isotonic,17838,2026-09-14T15:30:00,calibration,0,0.0630630630631
isotonic,17839,2026-09-14T16:30:00,calibration,0,0.0802675585284
isotonic,17840,2026-09-14T17:00:00,calibration,0,0.0522875816993
isotonic,17841,2026-09-14T17:00:00,calibration,0,0.0539289264216
isotonic,17842,2026-09-14T17:00:00,calibration,0,0
isotonic,17843,2026-09-14T18:00:00,calibration,0,0
isotonic,17844,2026-09-15T09:00:00,calibration,0,0.0630630630631
isotonic,17845,2026-09-15T10:00:00,calibration,0,0.0522875816993
isotonic,17846,2026-09-15T10:00:00,calibration,0,0.0802675585284
isotonic,17847,2026-09-15T11:00:00,calibration,0,0.0802675585284
isotonic,17848,2026-09-15T12:30:00,calibration,0,0
isotonic,17849,2026-09-15T12:30:00,calibration,0,0.0630630630631
isotonic,17850,2026-09-15T14:30:00,calibration,0,0.0802675585284
isotonic,17851,2026-09-15T15:00:00,calibration,0,0.0204081632653
isotonic,17852,2026-09-15T15:30:00,calibration,0,0.0630630630631
isotonic,17853,2026-09-15T15:30:00,calibration,0,0.0522875816993
isotonic,17854,2026-09-15T16:00:00,calibration,0,0.0802675585284
isotonic,17855,2026-09-15T16:00:00,calibration,0,0.0609756097561
isotonic,17856,2026-09-15T16:00:00,calibration,0,0.0204081632653
isotonic,17857,2026-09-15T16:30:00,calibration,0,0.0802675585284
isotonic,17858,2026-09-15T16:30:00,calibration,0,0.0522875816993
isotonic,17859,2026-09-15T17:00:00,calibration,0,0.0609756097561
isotonic,17860,2026-09-15T17:30:00,calibration,0,0.0609756097561
isotonic,17861,2026-09-16T10:00:00,calibration,0,0.0204081632653
isotonic,17862,2026-09-16T10:00:00,calibration,0,0.0146660560108
isotonic,17864,2026-09-16T11:30:00,calibration,0,0.0522875816993
isotonic,17865,2026-09-16T12:00:00,calibration,0,0.0204081632653
isotonic,17866,2026-09-16T12:30:00,calibration,0,0.0522875816993
isotonic,17867,2026-09-16T12:30:00,calibration,0,0
isotonic,17868,2026-09-16T15:00:00,calibration,0,0.0204081632653
isotonic,17870,2026-09-16T15:30:00,calibration,0,0.0609756097561
isotonic,17871,2026-09-16T16:00:00,calibration,0,0.0802675585284
isotonic,17872,2026-09-16T16:00:00,calibration,0,0.0522875816993
isotonic,17874,2026-09-16T16:30:00,calibration,0,0.0802675585284
isotonic,17875,2026-09-16T16:30:00,calibration,0,0.0609756097561
isotonic,17876,2026-09-16T17:00:00,calibration,0,0.0522875816993
isotonic,17877,2026-09-16T17:30:00,calibration,0,0.0204081632653
isotonic,17878,2026-09-16T18:30:00,calibration,0,0.0802675585284
isotonic,17879,2026-09-16T18:30:00,calibration,0,0
isotonic,17880,2026-09-18T10:00:00,calibration,0,0.0522875816993
isotonic,17881,2026-09-18T10:30:00,calibration,0,0.0522875816993
isotonic,17882,2026-09-18T11:00:00,calibration,0,0.0522875816993
isotonic,17884,2026-09-18T12:30:00,calibration,1,0.0630630630631
isotonic,17885,2026-09-18T12:30:00,calibration,1,0.0802675585284
isotonic,17886,2026-09-18T14:00:00,calibration,0,0.0204081632653
isotonic,17887,2026-09-18T14:00:00,calibration,0,0.0630630630631
isotonic,17888,2026-09-18T16:30:00,calibration,0,0.0630630630631
isotonic,17889,2026-09-18T18:30:00,calibration,0,0.0609756097561
isotonic,17890,2026-09-19T09:00:00,calibration,0,0.0609756097561
isotonic,17891,2026-09-19T10:00:00,calibration,0,0.0802675585284
isotonic,17892,2026-09-19T11:00:00,calibration,0,0.0522875816993
isotonic,17893,2026-09-19T11:30:00,calibration,1,0
isotonic,17894,2026-09-19T14:00:00,calibration,0,0.0609756097561
isotonic,17895,2026-09-19T14:30:00,calibration,0,0.0204081632653
isotonic,17896,2026-09-19T16:30:00,calibration,0,0.0802675585284
isotonic,17897,2026-09-19T18:30:00,calibration,1,0.0802675585284
isotonic,17898,2026-09-20T10:00:00,calibration,0,0.0802675585284
isotonic,17899,2026-09-20T10:00:00,calibration,0,0.0630630630631
isotonic,17901,2026-09-20T10:30:00,calibration,0,0
isotonic,17902,2026-09-20T10:30:00,calibration,0,0
isotonic,17903,2026-09-20T11:00:00,calibration,0,0.0522875816993
isotonic,17904,2026-09-20T11:30:00,calibration,0,0.0204081632653
isotonic,17905,2026-09-20T12:30:00,calibration,0,0.0714285714286
isotonic,17907,2026-09-20T16:30:00,calibration,0,0.0630630630631
isotonic,17908,2026-09-20T17:30:00,calibration,0,0.0609756097561
isotonic,17909,2026-09-20T18:00:00,calibration,0,0.0802675585284
isotonic,17910,2026-09-20T18:30:00,calibration,0,0.0204081632653
isotonic,17911,2026-09-20T18:30:00,calibration,1,0.0802675585284
isotonic,17912,2026-09-21T09:30:00,calibration,0,0.0522875816993
isotonic,17914,2026-09-21T11:00:00,calibration,0,0.0204081632653
isotonic,17916,2026-09-21T12:00:00,calibration,0,0.0609756097561
isotonic,17917,2026-09-21T14:00:00,calibration,0,0.0714285714286
isotonic,17918,2026-09-21T14:30:00,calibration,0,0.0204081632653
isotonic,17919,2026-09-21T15:30:00,calibration,0,0.0630630630631
isotonic,17920,2026-09-21T16:30:00,calibration,0,0.0802675585284
isotonic,17921,2026-09-21T17:00:00,calibration,0,0.0522875816993
isotonic,17922,2026-09-21T18:30:00,calibration,0,0.285714285714
isotonic,17924,2026-09-22T09:30:00,calibration,0,0.0522875816993
isotonic,17925,2026-09-22T09:30:00,calibration,0,0.0522875816993
isotonic,17926,2026-09-22T10:00:00,calibration,0,0.0609756097561
isotonic,17927,2026-09-22T11:00:00,calibration,0,0.0630630630631
isotonic,17928,2026-09-22T11:30:00,calibration,0,0.0802675585284
isotonic,17929,2026-09-22T12:30:00,calibration,0,0.0522875816993
isotonic,17930,2026-09-22T12:30:00,calibration,0,0
isotonic,17931,2026-09-22T14:00:00,calibration,0,0.0204081632653
isotonic,17932,2026-09-22T15:30:00,calibration,0,0.0802675585284
isotonic,17933,2026-09-22T16:00:00,calibration,0,0.0522875816993
isotonic,17934,2026-09-22T16:30:00,calibration,0,0.333333333333
isotonic,17935,2026-09-22T16:30:00,calibration,0,0.0522875816993
isotonic,17936,2026-09-22T17:30:00,calibration,0,0.0522875816993
isotonic,17937,2026-09-23T09:00:00,calibration,1,0.0630630630631
isotonic,17938,2026-09-23T09:30:00,calibration,0,0.0204081632653
isotonic,17939,2026-09-23T10:00:00,calibration,0,0
isotonic,17940,2026-09-23T10:30:00,calibration,0,0.0522875816993
isotonic,17941,2026-09-23T10:30:00,calibration,0,0.0204081632653
isotonic,17942,2026-09-23T11:00:00,calibration,0,0.0522875816993
isotonic,17943,2026-09-23T11:00:00,calibration,0,0.0802675585284
isotonic,17944,2026-09-23T11:30:00,calibration,0,0.0522875816993
isotonic,17945,2026-09-23T14:00:00,calibration,0,0.0522875816993
isotonic,17946,2026-09-23T15:00:00,calibration,0,0.0522875816993
isotonic,17947,2026-09-23T15:00:00,calibration,0,0.0630630630631
isotonic,17948,2026-09-23T15:00:00,calibration,0,0.0522875816993
isotonic,17950,2026-09-23T15:30:00,calibration,0,0
isotonic,17951,2026-09-23T15:30:00,calibration,0,0.0522875816993
isotonic,17952,2026-09-23T15:30:00,calibration,0,0.0609756097561
isotonic,17953,2026-09-23T16:00:00,calibration,0,0.0522875816993
isotonic,17954,2026-09-23T17:00:00,calibration,0,0.0802675585284
isotonic,17955,2026-09-23T17:00:00,calibration,0,0
isotonic,17956,2026-09-23T17:30:00,calibration,0,0.0522875816993
isotonic,17957,2026-09-23T18:00:00,calibration,0,0.0630630630631
isotonic,17958,2026-09-25T09:00:00,calibration,0,0.0802675585284
isotonic,17959,2026-09-25T09:30:00,calibration,0,0.0204081632653
isotonic,17960,2026-09-25T10:00:00,calibration,0,0.0609756097561
isotonic,17961,2026-09-25T10:30:00,calibration,1,0.0609756097561
isotonic,17962,2026-09-25T10:30:00,calibration,0,0.0522875816993
isotonic,17963,2026-09-25T11:00:00,calibration,0,0
isotonic,17964,2026-09-25T11:00:00,calibration,0,0.0802675585284
isotonic,17965,2026-09-25T11:30:00,calibration,0,0.0522875816993
isotonic,17966,2026-09-25T12:30:00,calibration,0,0.0522875816993
isotonic,17968,2026-09-25T15:00:00,calibration,0,0
isotonic,17969,2026-09-25T15:30:00,calibration,0,0.0204081632653
isotonic,17970,2026-09-25T15:30:00,calibration,0,0.0630630630631
isotonic,17971,2026-09-25T16:00:00,calibration,0,0
isotonic,17972,2026-09-26T10:00:00,calibration,0,0.0522875816993
isotonic,17973,2026-09-26T10:00:00,calibration,0,0.0204081632653
isotonic,17974,2026-09-26T11:30:00,calibration,0,0.0522875816993
isotonic,17975,2026-09-26T14:30:00,calibration,0,0.0802675585284
isotonic,17976,2026-09-26T15:00:00,calibration,0,0
isotonic,17977,2026-09-26T16:00:00,calibration,0,0.0630630630631
isotonic,17978,2026-09-26T16:30:00,calibration,0,0.0204081632653
isotonic,17979,2026-09-26T16:30:00,calibration,0,0
isotonic,17980,2026-09-26T17:00:00,calibration,0,0.0802675585284
isotonic,17981,2026-09-26T17:00:00,calibration,0,0.0609756097561
isotonic,17982,2026-09-26T17:00:00,calibration,1,0.0204081632653
isotonic,17983,2026-09-26T17:00:00,calibration,0,0.0609756097561
isotonic,17984,2026-09-26T18:00:00,calibration,0,0.0802675585284
isotonic,17986,2026-09-27T10:30:00,calibration,0,0.0204081632653
isotonic,17987,2026-09-27T10:30:00,calibration,0,0.0802675585284
isotonic,17988,2026-09-27T11:30:00,calibration,0,0.0522875816993
isotonic,17989,2026-09-27T12:00:00,calibration,0,0.0522875816993
isotonic,17990,2026-09-27T12:30:00,calibration,0,0.0802675585284
isotonic,17991,2026-09-27T12:30:00,calibration,0,0.0204081632653
isotonic,17992,2026-09-27T14:30:00,calibration,1,0
isotonic,17993,2026-09-27T15:30:00,calibration,0,0.0802675585284
isotonic,17994,2026-09-27T15:30:00,calibration,0,0.0522875816993
isotonic,17996,2026-09-27T16:30:00,calibration,0,0.0802675585284
isotonic,17997,2026-09-27T17:00:00,calibration,0,0.0609756097561
isotonic,17998,2026-09-27T17:00:00,calibration,0,0.0522875816993
isotonic,17999,2026-09-28T11:00:00,calibration,0,0.0630630630631
isotonic,18000,2026-09-28T11:30:00,calibration,0,0.0204081632653
isotonic,18001,2026-09-28T11:30:00,calibration,0,0.0802675585284
isotonic,18002,2026-09-28T12:30:00,calibration,0,0.0802675585284
isotonic,18003,2026-09-28T14:00:00,calibration,0,0.19455793016
isotonic,18004,2026-09-28T14:30:00,calibration,1,0.0802675585284
isotonic,18005,2026-09-28T15:00:00,calibration,0,0.0522875816993
isotonic,18006,2026-09-28T15:00:00,calibration,0,0.0630630630631
isotonic,18008,2026-09-28T16:30:00,calibration,0,0.333333333333
isotonic,18010,2026-09-28T18:30:00,calibration,0,0.0802675585284
isotonic,18011,2026-09-29T09:30:00,calibration,0,0.0609756097561
isotonic,18012,2026-09-29T10:00:00,calibration,0,0.0802675585284
isotonic,18013,2026-09-29T11:00:00,calibration,0,0.0802675585284
isotonic,18014,2026-09-29T11:30:00,calibration,0,0.0630630630631
isotonic,18015,2026-09-29T11:30:00,calibration,1,0.0802675585284
isotonic,18016,2026-09-29T12:00:00,calibration,0,0.0630630630631
isotonic,18017,2026-09-29T14:00:00,calibration,0,0.0522875816993
isotonic,18018,2026-09-29T15:00:00,calibration,0,0.0522875816993
isotonic,18020,2026-09-29T15:30:00,calibration,1,0.0802675585284
isotonic,18021,2026-09-29T16:00:00,calibration,0,0.0522875816993
isotonic,18022,2026-09-29T16:00:00,calibration,0,0.0802675585284
isotonic,18023,2026-09-29T16:30:00,calibration,0,0.0630630630631
isotonic,18024,2026-09-29T17:00:00,calibration,1,0
isotonic,18025,2026-09-29T18:00:00,calibration,0,0.0522875816993
