appointment_id,prediction_time,evaluation_partition,label_available_at,target,no_show_probability
18034,2026-10-02T09:00:00,policy_selection,2026-10-03T09:47:00,0,0.0612805357559
18035,2026-10-02T09:30:00,policy_selection,2026-10-03T10:24:00,0,0.0209906784576
18036,2026-10-02T11:00:00,policy_selection,2026-10-03T12:08:00,0,0.145676286021
18038,2026-10-02T11:30:00,policy_selection,2026-10-03T12:17:00,0,0.0860863636582
18039,2026-10-02T12:30:00,policy_selection,2026-10-03T13:31:00,0,0.0426127613295
18040,2026-10-02T14:00:00,policy_selection,2026-10-03T15:22:00,0,0.0676571417945
18041,2026-10-02T14:30:00,policy_selection,2026-10-03T16:03:00,0,0.041791890302
18042,2026-10-02T14:30:00,policy_selection,2026-10-03T15:59:00,0,0.105789353726
18043,2026-10-02T14:30:00,policy_selection,2026-10-03T15:03:00,0,0.0273830664036
18044,2026-10-02T15:00:00,policy_selection,2026-10-03T16:29:00,0,0.0729992414553
18045,2026-10-02T16:00:00,policy_selection,2026-10-03T16:15:00,1,0.15578676142
18046,2026-10-02T17:30:00,policy_selection,2026-10-03T19:13:00,0,0.102955948547
18048,2026-10-03T10:30:00,policy_selection,2026-10-04T12:17:00,0,0.075716904807
18049,2026-10-03T11:00:00,policy_selection,2026-10-04T12:04:00,0,0.0966927721138
18050,2026-10-03T11:00:00,policy_selection,2026-10-04T12:02:00,0,0.0945360129944
18051,2026-10-03T12:30:00,policy_selection,2026-10-04T14:07:00,0,0.0670122346446
18052,2026-10-03T14:00:00,policy_selection,2026-10-04T15:03:00,0,0.0435641271201
18053,2026-10-03T14:00:00,policy_selection,2026-10-04T14:53:00,0,0.0216104232569
18054,2026-10-03T14:00:00,policy_selection,2026-10-04T14:48:00,0,0.0399352450819
18055,2026-10-03T14:30:00,policy_selection,2026-10-03T16:30:00,0,0.0950015292985
18056,2026-10-03T15:00:00,policy_selection,2026-10-04T15:15:00,1,0.0702135574958
18058,2026-10-03T16:00:00,policy_selection,2026-10-04T16:15:00,1,0.055837328254
18059,2026-10-03T17:30:00,policy_selection,2026-10-04T18:32:00,0,0.07341001401
18060,2026-10-03T17:30:00,policy_selection,2026-10-04T18:49:00,0,0.0614082075621
18061,2026-10-03T18:30:00,policy_selection,2026-10-04T19:35:00,0,0.0393513726502
18062,2026-10-03T18:30:00,policy_selection,2026-10-04T19:21:00,0,0.0296677185811
18063,2026-10-03T18:30:00,policy_selection,2026-10-04T19:25:00,0,0.0750274170983
18064,2026-10-03T18:30:00,policy_selection,2026-10-04T20:02:00,0,0.0380929156606
18065,2026-10-04T10:30:00,policy_selection,2026-10-05T11:25:00,0,0.0376240942849
18066,2026-10-04T12:00:00,policy_selection,2026-10-05T13:34:00,0,0.049492825749
18067,2026-10-04T12:30:00,policy_selection,2026-10-05T13:31:00,0,0.12309382423
18068,2026-10-04T12:30:00,policy_selection,2026-10-05T13:18:00,0,0.0162345682845
18069,2026-10-04T12:30:00,policy_selection,2026-10-05T14:01:00,0,0.0346029219365
18070,2026-10-04T14:00:00,policy_selection,2026-10-05T14:42:00,0,0.0750827360364
18071,2026-10-04T14:30:00,policy_selection,2026-10-05T14:45:00,1,0.0953681810317
18072,2026-10-04T15:00:00,policy_selection,2026-10-05T16:20:00,0,0.0679934680022
18073,2026-10-04T15:00:00,policy_selection,2026-10-05T16:11:00,0,0.0480992843552
18074,2026-10-04T15:00:00,policy_selection,2026-10-05T15:29:00,0,0.0606355462776
18075,2026-10-04T15:00:00,policy_selection,2026-10-05T16:04:00,0,0.0410220202566
18077,2026-10-04T15:30:00,policy_selection,2026-10-05T16:24:00,0,0.0317483077726
18078,2026-10-04T16:00:00,policy_selection,2026-10-05T16:55:00,0,0.0517036612508
18079,2026-10-04T16:00:00,policy_selection,2026-10-05T17:38:00,0,0.0415336114801
18080,2026-10-04T16:30:00,policy_selection,2026-10-05T17:29:00,0,0.0476046007532
18081,2026-10-04T17:00:00,policy_selection,2026-10-05T17:49:00,0,0.118188019356
18082,2026-10-04T17:00:00,policy_selection,2026-10-05T18:36:00,0,0.0827935198568
18083,2026-10-04T17:30:00,policy_selection,2026-10-05T18:46:00,0,0.158102560884
18084,2026-10-04T18:00:00,policy_selection,2026-10-05T18:52:00,0,0.036907498521
18085,2026-10-05T10:00:00,policy_selection,2026-10-06T10:45:00,0,0.0896253765236
18087,2026-10-05T11:00:00,policy_selection,2026-10-06T11:38:00,0,0.0462272019834
18088,2026-10-05T11:30:00,policy_selection,2026-10-06T12:21:00,0,0.0351254108027
18089,2026-10-05T11:30:00,policy_selection,2026-10-06T11:45:00,1,0.0638659894357
18094,2026-10-05T15:00:00,policy_selection,2026-10-06T16:26:00,0,0.120449473066
18095,2026-10-05T15:30:00,policy_selection,2026-10-06T16:22:00,0,0.117558246644
18096,2026-10-05T15:30:00,policy_selection,2026-10-06T16:13:00,0,0.0232072493427
18097,2026-10-05T16:00:00,policy_selection,2026-10-06T16:15:00,1,0.066094605941
18098,2026-10-05T16:30:00,policy_selection,2026-10-06T17:19:00,0,0.0284554499718
18099,2026-10-05T17:30:00,policy_selection,2026-10-06T18:55:00,0,0.0999969840058
18100,2026-10-06T09:00:00,policy_selection,2026-10-06T11:00:00,0,0.0783694707691
18101,2026-10-06T10:00:00,policy_selection,2026-10-07T11:22:00,0,0.0718824787657
18102,2026-10-06T10:30:00,policy_selection,2026-10-07T11:31:00,0,0.0451290631612
18103,2026-10-06T10:30:00,policy_selection,2026-10-07T11:19:00,0,0.0357069262036
18104,2026-10-06T10:30:00,policy_selection,2026-10-07T11:30:00,0,0.0165821925317
18106,2026-10-06T15:00:00,policy_selection,2026-10-07T16:12:00,0,0.104436648195
18107,2026-10-06T15:00:00,policy_selection,2026-10-07T16:26:00,0,0.071905761588
18108,2026-10-06T15:00:00,policy_selection,2026-10-07T15:55:00,0,0.0342810612277
18109,2026-10-06T15:30:00,policy_selection,2026-10-07T16:20:00,0,0.0543163567786
18110,2026-10-06T16:30:00,policy_selection,2026-10-07T17:42:00,0,0.0934237886979
18111,2026-10-06T16:30:00,policy_selection,2026-10-07T17:21:00,0,0.037728402979
18112,2026-10-06T17:30:00,policy_selection,2026-10-07T11:30:00,0,0.111761445665
18113,2026-10-06T18:30:00,policy_selection,2026-10-07T19:44:00,0,0.0685690876581
18114,2026-10-07T10:00:00,policy_selection,2026-10-08T11:03:00,0,0.0443410711174
18116,2026-10-07T11:30:00,policy_selection,2026-10-08T03:30:00,0,0.0774180291195
18117,2026-10-07T11:30:00,policy_selection,2026-10-08T12:44:00,0,0.0568830754683
18119,2026-10-07T12:00:00,policy_selection,2026-10-08T13:18:00,0,0.0622402245735
18120,2026-10-07T12:00:00,policy_selection,2026-10-08T12:42:00,0,0.0434990245796
18121,2026-10-07T14:00:00,policy_selection,2026-10-08T14:53:00,0,0.0272609097868
18122,2026-10-07T14:30:00,policy_selection,2026-10-08T15:18:00,0,0.0306021758354
18123,2026-10-07T15:00:00,policy_selection,2026-10-08T16:16:00,0,0.0607896797329
18124,2026-10-07T15:00:00,policy_selection,2026-10-08T16:19:00,0,0.06222765719
18125,2026-10-07T15:00:00,policy_selection,2026-10-08T15:15:00,1,0.0206695731863
18126,2026-10-07T15:00:00,policy_selection,2026-10-08T16:12:00,0,0.107223752517
18127,2026-10-07T15:30:00,policy_selection,2026-10-08T17:22:00,0,0.115066043609
18128,2026-10-07T15:30:00,policy_selection,2026-10-08T17:09:00,0,0.0327174019542
18129,2026-10-07T16:30:00,policy_selection,2026-10-08T17:12:00,0,0.0449616443625
18130,2026-10-07T17:00:00,policy_selection,2026-10-08T18:52:00,0,0.0428497288487
18131,2026-10-07T18:30:00,policy_selection,2026-10-08T18:45:00,1,0.113748384542
18134,2026-10-09T12:30:00,policy_selection,2026-10-10T13:38:00,0,0.0351551766311
18135,2026-10-09T12:30:00,policy_selection,2026-10-10T12:45:00,1,0.0318860752151
18136,2026-10-09T12:30:00,policy_selection,2026-10-10T13:29:00,0,0.0593969161306
18137,2026-10-09T14:30:00,policy_selection,2026-10-10T15:20:00,0,0.143523820058
18138,2026-10-09T14:30:00,policy_selection,2026-10-10T15:05:00,0,0.0864353960196
18139,2026-10-09T15:30:00,policy_selection,2026-10-10T16:38:00,0,0.0507257951183
18140,2026-10-09T15:30:00,policy_selection,2026-10-10T16:59:00,0,0.100545687536
18141,2026-10-09T17:30:00,policy_selection,2026-10-10T18:38:00,0,0.052633941672
18142,2026-10-09T17:30:00,policy_selection,2026-10-10T18:53:00,0,0.037559284426
18143,2026-10-09T18:00:00,policy_selection,2026-10-10T18:35:00,0,0.0258193054919
18144,2026-10-10T11:30:00,policy_selection,2026-10-11T12:18:00,0,0.0513014045453
18145,2026-10-10T12:30:00,policy_selection,2026-10-11T13:19:00,0,0.0334205635165
18146,2026-10-10T14:00:00,policy_selection,2026-10-11T14:15:00,1,0.0597174715999
18147,2026-10-10T15:00:00,policy_selection,2026-10-11T15:56:00,0,0.0334576474558
18148,2026-10-10T15:00:00,policy_selection,2026-10-11T16:35:00,0,0.0514205000527
18149,2026-10-10T15:30:00,policy_selection,2026-10-11T16:26:00,0,0.0878254183526
18150,2026-10-10T15:30:00,policy_selection,2026-10-11T15:54:00,0,0.0379739864631
18151,2026-10-10T16:00:00,policy_selection,2026-10-11T16:52:00,0,0.0419857219575
18152,2026-10-10T16:00:00,policy_selection,2026-10-11T16:52:00,0,0.0362839394678
18153,2026-10-10T16:30:00,policy_selection,2026-10-11T17:17:00,0,0.0510178481502
18154,2026-10-10T16:30:00,policy_selection,2026-10-11T17:19:00,0,0.040673079323
18155,2026-10-10T17:00:00,policy_selection,2026-10-11T18:37:00,0,0.0771926168876
18156,2026-10-10T17:00:00,policy_selection,2026-10-11T17:56:00,0,0.0531768382014
18157,2026-10-10T17:00:00,policy_selection,2026-10-11T17:35:00,0,0.027583317626
18159,2026-10-11T09:30:00,policy_selection,2026-10-12T10:10:00,0,0.0610260673083
18160,2026-10-11T10:30:00,policy_selection,2026-10-12T11:43:00,0,0.0680487495295
18161,2026-10-11T10:30:00,policy_selection,2026-10-12T11:51:00,0,0.0761021882662
18162,2026-10-11T11:30:00,policy_selection,2026-10-12T11:45:00,1,0.124104554895
18163,2026-10-11T12:00:00,policy_selection,2026-10-12T12:53:00,0,0.0145035992152
18164,2026-10-11T12:30:00,policy_selection,2026-10-12T12:45:00,1,0.101157840476
18165,2026-10-11T15:00:00,policy_selection,2026-10-12T15:34:00,0,0.07280968918
18166,2026-10-11T16:00:00,policy_selection,2026-10-12T17:02:00,0,0.0378198975699
18167,2026-10-11T18:00:00,policy_selection,2026-10-12T19:19:00,0,0.0659179301591
18168,2026-10-11T18:30:00,policy_selection,2026-10-12T19:19:00,0,0.13343791122
18169,2026-10-11T18:30:00,policy_selection,2026-10-12T19:10:00,0,0.0591713350638
18170,2026-10-12T09:00:00,policy_selection,2026-10-13T09:15:00,1,0.0597597928911
18171,2026-10-12T09:00:00,policy_selection,2026-10-13T09:15:00,1,0.0181770333396
18172,2026-10-12T10:30:00,policy_selection,2026-10-13T11:43:00,0,0.0594538641274
18173,2026-10-12T10:30:00,policy_selection,2026-10-13T11:32:00,0,0.0567356646837
18174,2026-10-12T10:30:00,policy_selection,2026-10-13T11:03:00,0,0.0743606260311
18175,2026-10-12T11:00:00,policy_selection,2026-10-13T11:52:00,0,0.078674862811
18176,2026-10-12T11:00:00,policy_selection,2026-10-13T12:10:00,0,0.0863981958259
18178,2026-10-12T12:00:00,policy_selection,2026-10-13T13:33:00,0,0.0356422998351
18179,2026-10-12T14:00:00,policy_selection,2026-10-12T23:00:00,0,0.116632770487
18180,2026-10-12T14:30:00,policy_selection,2026-10-13T15:25:00,0,0.03429327408
18181,2026-10-12T16:30:00,policy_selection,2026-10-13T17:16:00,0,0.0242421456636
18182,2026-10-12T17:00:00,policy_selection,2026-10-13T18:28:00,0,0.0824363521348
18183,2026-10-12T18:00:00,policy_selection,2026-10-13T19:12:00,0,0.165320188219
18184,2026-10-12T18:30:00,policy_selection,2026-10-13T19:35:00,0,0.170707515996
18185,2026-10-13T09:30:00,policy_selection,2026-10-14T10:54:00,0,0.0452456375535
18186,2026-10-13T11:30:00,policy_selection,2026-10-14T12:54:00,0,0.103207542226
18187,2026-10-13T12:30:00,policy_selection,2026-10-14T13:09:00,0,0.0379443172799
18188,2026-10-13T12:30:00,policy_selection,2026-10-14T13:39:00,0,0.0855002016489
18189,2026-10-13T14:00:00,policy_selection,2026-10-14T15:03:00,0,0.0454099044465
18190,2026-10-13T15:00:00,policy_selection,2026-10-14T16:07:00,0,0.0273681286939
18191,2026-10-13T16:30:00,policy_selection,2026-10-14T18:23:00,0,0.0770847555794
18192,2026-10-13T16:30:00,policy_selection,2026-10-14T17:15:00,0,0.0717223803588
18193,2026-10-13T17:00:00,policy_selection,2026-10-14T18:42:00,0,0.0843979204658
18194,2026-10-13T17:30:00,policy_selection,2026-10-14T18:39:00,0,0.0697055631695
18195,2026-10-13T18:30:00,policy_selection,2026-10-14T20:00:00,0,0.115243685143
18197,2026-10-14T10:30:00,policy_selection,2026-10-15T11:34:00,0,0.0670125074818
18199,2026-10-14T11:30:00,policy_selection,2026-10-15T12:01:00,0,0.052657066283
18200,2026-10-14T11:30:00,policy_selection,2026-10-15T11:45:00,1,0.0954531540303
18201,2026-10-14T12:00:00,policy_selection,2026-10-15T12:34:00,0,0.051861058511
18202,2026-10-14T14:00:00,policy_selection,2026-10-15T14:33:00,0,0.0435707905517
18203,2026-10-14T14:00:00,policy_selection,2026-10-15T14:46:00,0,0.0313154043873
18204,2026-10-14T14:00:00,policy_selection,2026-10-15T15:01:00,0,0.0452467607008
18205,2026-10-14T14:30:00,policy_selection,2026-10-15T15:39:00,0,0.119942770425
18206,2026-10-14T14:30:00,policy_selection,2026-10-15T16:34:00,0,0.0691824644564
18208,2026-10-14T16:00:00,policy_selection,2026-10-15T16:15:00,1,0.0588139091863
18209,2026-10-16T09:00:00,policy_selection,2026-10-17T10:28:00,0,0.0197003675396
18210,2026-10-16T10:00:00,policy_selection,2026-10-17T11:42:00,0,0.078952398102
18211,2026-10-16T12:00:00,policy_selection,2026-10-17T12:37:00,0,0.0838061174786
18212,2026-10-16T14:30:00,policy_selection,2026-10-17T14:45:00,1,0.0937817738268
18213,2026-10-16T14:30:00,policy_selection,2026-10-17T15:01:00,0,0.0528339269144
18214,2026-10-16T15:00:00,policy_selection,2026-10-17T15:49:00,0,0.02835182036
18215,2026-10-16T16:30:00,policy_selection,2026-10-17T17:15:00,0,0.082699578661
18216,2026-10-16T17:00:00,policy_selection,2026-10-17T18:01:00,0,0.0360090076073
18218,2026-10-16T18:30:00,policy_selection,2026-10-17T20:39:00,0,0.0353895170432
18220,2026-10-17T10:00:00,policy_selection,2026-10-18T10:15:00,1,0.0858849264539
18221,2026-10-17T10:30:00,policy_selection,2026-10-18T11:48:00,0,0.0540870150186
18222,2026-10-17T12:00:00,policy_selection,2026-10-18T13:17:00,0,0.0609208528675
18223,2026-10-17T14:00:00,policy_selection,2026-10-18T15:43:00,0,0.0596535740077
18224,2026-10-17T14:30:00,policy_selection,2026-10-18T15:27:00,0,0.0964698825285
18225,2026-10-17T14:30:00,policy_selection,2026-10-18T15:10:00,0,0.0619732297677
18226,2026-10-17T14:30:00,policy_selection,2026-10-18T08:30:00,0,0.0751643841711
18227,2026-10-17T14:30:00,policy_selection,2026-10-18T16:08:00,0,0.0419644793226
18228,2026-10-17T14:30:00,policy_selection,2026-10-18T15:40:00,0,0.0534922164518
18229,2026-10-17T15:00:00,policy_selection,2026-10-18T15:38:00,0,0.0351184240995
18230,2026-10-17T15:00:00,policy_selection,2026-10-18T15:50:00,0,0.027701542598
18231,2026-10-17T16:00:00,policy_selection,2026-10-18T16:43:00,0,0.0304783557787
18232,2026-10-17T17:00:00,policy_selection,2026-10-18T18:15:00,0,0.0184813423729
18235,2026-10-18T10:00:00,policy_selection,2026-10-19T11:01:00,0,0.0499206215531
18236,2026-10-18T10:00:00,policy_selection,2026-10-19T11:29:00,0,0.126926472162
18237,2026-10-18T10:30:00,policy_selection,2026-10-19T11:47:00,0,0.0998175666719
18238,2026-10-18T10:30:00,policy_selection,2026-10-19T11:50:00,0,0.0589938315514
18239,2026-10-18T11:00:00,policy_selection,2026-10-19T11:41:00,0,0.0380085874676
18241,2026-10-18T11:30:00,policy_selection,2026-10-19T12:03:00,0,0.0622273405112
18242,2026-10-18T11:30:00,policy_selection,2026-10-19T12:28:00,0,0.0325287921359
18243,2026-10-18T11:30:00,policy_selection,2026-10-19T11:45:00,1,0.0348957105831
18244,2026-10-18T12:00:00,policy_selection,2026-10-19T14:00:00,0,0.102884327506
18245,2026-10-18T12:30:00,policy_selection,2026-10-19T13:12:00,0,0.0332697667699
18246,2026-10-18T12:30:00,policy_selection,2026-10-18T18:30:00,0,0.0291580744343
18247,2026-10-18T14:30:00,policy_selection,2026-10-19T01:30:00,0,0.0334661898404
18248,2026-10-18T14:30:00,policy_selection,2026-10-19T15:51:00,0,0.0994476458666
18249,2026-10-18T15:30:00,policy_selection,2026-10-19T15:45:00,1,0.144076120696
18250,2026-10-18T15:30:00,policy_selection,2026-10-19T16:29:00,0,0.109150403785
18251,2026-10-18T16:00:00,policy_selection,2026-10-19T17:04:00,0,0.1033370081
18252,2026-10-18T18:00:00,policy_selection,2026-10-19T18:15:00,1,0.0671527936567
18253,2026-10-18T18:30:00,policy_selection,2026-10-19T18:45:00,1,0.0933429804974
18254,2026-10-19T10:30:00,policy_selection,2026-10-20T10:45:00,1,0.22565461
18255,2026-10-19T10:30:00,policy_selection,2026-10-20T12:30:00,0,0.0755317606712
18256,2026-10-19T11:00:00,policy_selection,2026-10-20T12:16:00,0,0.0823605384482
18257,2026-10-19T11:30:00,policy_selection,2026-10-20T12:38:00,0,0.133995592725
18258,2026-10-19T11:30:00,policy_selection,2026-10-20T12:33:00,0,0.0855448025814
18259,2026-10-19T12:00:00,policy_selection,2026-10-20T12:46:00,0,0.139971738293
18260,2026-10-19T12:00:00,policy_selection,2026-10-20T12:51:00,0,0.0498858291991
18261,2026-10-19T16:00:00,policy_selection,2026-10-20T17:04:00,0,0.184359109297
18262,2026-10-19T16:00:00,policy_selection,2026-10-20T17:21:00,0,0.159520239159
18263,2026-10-19T16:30:00,policy_selection,2026-10-20T17:29:00,0,0.0311080517772
18264,2026-10-19T18:30:00,policy_selection,2026-10-20T19:59:00,0,0.0483382983063
18265,2026-10-19T18:30:00,policy_selection,2026-10-20T19:24:00,0,0.083089324272
18266,2026-10-20T09:30:00,policy_selection,2026-10-21T10:27:00,0,0.0326051860509
18267,2026-10-20T09:30:00,policy_selection,2026-10-21T10:17:00,0,0.0445972373291
18269,2026-10-20T10:00:00,policy_selection,2026-10-21T11:01:00,0,0.0225264183605
18270,2026-10-20T10:00:00,policy_selection,2026-10-21T11:13:00,0,0.0504477323796
18271,2026-10-20T10:30:00,policy_selection,2026-10-21T11:49:00,0,0.0443419352977
18272,2026-10-20T10:30:00,policy_selection,2026-10-21T11:15:00,0,0.0556335743663
18273,2026-10-20T14:30:00,policy_selection,2026-10-21T15:38:00,0,0.055807881852
18274,2026-10-20T15:00:00,policy_selection,2026-10-21T16:04:00,0,0.0448169641208
18275,2026-10-20T15:30:00,policy_selection,2026-10-21T17:28:00,0,0.0377758569968
18277,2026-10-20T16:00:00,policy_selection,2026-10-21T16:35:00,0,0.0792814539866
18279,2026-10-20T17:00:00,policy_selection,2026-10-21T18:44:00,0,0.220432636033
18280,2026-10-20T17:30:00,policy_selection,2026-10-21T18:39:00,0,0.0555468982148
18281,2026-10-20T17:30:00,policy_selection,2026-10-21T18:34:00,0,0.121439247073
18282,2026-10-21T10:00:00,policy_selection,2026-10-22T11:25:00,0,0.0278992442161
18283,2026-10-21T10:00:00,policy_selection,2026-10-22T10:15:00,1,0.129708830296
18284,2026-10-21T10:00:00,policy_selection,2026-10-22T11:26:00,0,0.0335780124491
18285,2026-10-21T14:00:00,policy_selection,2026-10-22T14:33:00,0,0.0347944609009
18286,2026-10-21T14:30:00,policy_selection,2026-10-22T15:36:00,0,0.0395554937014
18287,2026-10-21T14:30:00,policy_selection,2026-10-22T15:33:00,0,0.0370100379592
18288,2026-10-21T17:30:00,policy_selection,2026-10-22T18:19:00,0,0.0521299474874
18289,2026-10-21T18:00:00,policy_selection,2026-10-22T19:23:00,0,0.0747506883498
18290,2026-10-23T09:00:00,policy_selection,2026-10-24T10:05:00,0,0.0155057146298
18292,2026-10-23T10:00:00,policy_selection,2026-10-24T10:44:00,0,0.078820051633
18293,2026-10-23T10:30:00,policy_selection,2026-10-24T11:54:00,0,0.0497373956192
18294,2026-10-23T11:30:00,policy_selection,2026-10-24T11:45:00,1,0.0594971376084
18295,2026-10-23T11:30:00,policy_selection,2026-10-24T11:45:00,1,0.162603566843
18296,2026-10-23T12:00:00,policy_selection,2026-10-24T13:46:00,0,0.0531655060674
18297,2026-10-23T14:30:00,policy_selection,2026-10-24T14:45:00,1,0.0667050370136
18298,2026-10-23T15:00:00,policy_selection,2026-10-24T15:59:00,0,0.0762487048281
18299,2026-10-23T15:30:00,policy_selection,2026-10-24T16:06:00,0,0.0466201655412
18300,2026-10-23T15:30:00,policy_selection,2026-10-24T16:30:00,0,0.0623883058343
18301,2026-10-23T17:00:00,policy_selection,2026-10-24T18:01:00,0,0.0748954761348
18302,2026-10-23T17:30:00,policy_selection,2026-10-24T18:50:00,0,0.0606549025415
18303,2026-10-23T18:00:00,policy_selection,2026-10-24T18:56:00,0,0.0345834923
18304,2026-10-24T10:00:00,policy_selection,2026-10-25T11:24:00,0,0.0708237062587
18305,2026-10-24T10:00:00,policy_selection,2026-10-25T11:21:00,0,0.0374459312655
18306,2026-10-24T10:30:00,policy_selection,2026-10-25T10:45:00,1,0.0440148672149
18307,2026-10-24T11:00:00,policy_selection,2026-10-25T11:23:00,0,0.0460814437086
18308,2026-10-24T11:30:00,policy_selection,2026-10-25T12:19:00,0,0.0469830297359
18309,2026-10-24T12:00:00,policy_selection,2026-10-25T12:58:00,0,0.0552185333988
18310,2026-10-24T14:30:00,policy_selection,2026-10-25T15:34:00,0,0.0254532297708
18312,2026-10-24T15:00:00,policy_selection,2026-10-25T16:49:00,0,0.168322524155
18313,2026-10-24T15:30:00,policy_selection,2026-10-25T16:29:00,0,0.0290363137186
18315,2026-10-24T15:30:00,policy_selection,2026-10-25T16:50:00,0,0.122827989702
18316,2026-10-24T16:30:00,policy_selection,2026-10-25T16:45:00,1,0.101426844311
18318,2026-10-25T10:30:00,policy_selection,2026-10-26T10:45:00,1,0.074854893731
18320,2026-10-25T11:00:00,policy_selection,2026-10-26T12:38:00,0,0.0748440407228
18321,2026-10-25T11:30:00,policy_selection,2026-10-26T12:07:00,0,0.0561004980598
18322,2026-10-25T12:00:00,policy_selection,2026-10-26T12:15:00,1,0.0314418122169
18323,2026-10-25T14:00:00,policy_selection,2026-10-26T14:15:00,1,0.062053614407
18324,2026-10-25T14:30:00,policy_selection,2026-10-26T15:31:00,0,0.0474715825781
18325,2026-10-25T15:00:00,policy_selection,2026-10-26T16:30:00,0,0.102319284272
18326,2026-10-25T15:00:00,policy_selection,2026-10-26T15:51:00,0,0.0409167411995
18327,2026-10-25T15:00:00,policy_selection,2026-10-26T01:00:00,0,0.118886996564
18328,2026-10-25T15:30:00,policy_selection,2026-10-26T16:56:00,0,0.0234972823713
18329,2026-10-25T16:00:00,policy_selection,2026-10-26T17:42:00,0,0.0766481222965
18330,2026-10-25T16:30:00,policy_selection,2026-10-26T17:56:00,0,0.0769286670491
18331,2026-10-25T16:30:00,policy_selection,2026-10-26T17:38:00,0,0.102075826316
18332,2026-10-25T17:00:00,policy_selection,2026-10-26T18:11:00,0,0.106839011366
18333,2026-10-25T17:00:00,policy_selection,2026-10-26T17:55:00,0,0.112147805535
18334,2026-10-25T18:00:00,policy_selection,2026-10-26T18:49:00,0,0.0249534186867
18335,2026-10-25T18:30:00,policy_selection,2026-10-26T18:45:00,1,0.0504513082735
18336,2026-10-26T09:30:00,policy_selection,2026-10-27T10:22:00,0,0.0252346734857
18337,2026-10-26T10:00:00,policy_selection,2026-10-27T10:44:00,0,0.0812872919597
18339,2026-10-26T11:00:00,policy_selection,2026-10-27T12:10:00,0,0.0488013248103
18340,2026-10-26T11:30:00,policy_selection,2026-10-27T12:49:00,0,0.046553528123
18341,2026-10-26T11:30:00,policy_selection,2026-10-27T12:47:00,0,0.0286869423167
18342,2026-10-26T12:30:00,policy_selection,2026-10-27T14:05:00,0,0.0705363742498
18343,2026-10-26T12:30:00,policy_selection,2026-10-27T13:38:00,0,0.0478557755877
18344,2026-10-26T14:30:00,policy_selection,2026-10-27T00:30:00,0,0.0995541214895
18345,2026-10-26T16:00:00,policy_selection,2026-10-27T16:34:00,0,0.0565307779696
18346,2026-10-26T16:00:00,policy_selection,2026-10-27T16:41:00,0,0.0620773468333
18347,2026-10-26T16:00:00,policy_selection,2026-10-27T17:31:00,0,0.0726282174863
18348,2026-10-26T16:00:00,policy_selection,2026-10-27T17:10:00,0,0.0694718586851
18349,2026-10-26T16:30:00,policy_selection,2026-10-27T17:34:00,0,0.0510189182466
18350,2026-10-26T17:00:00,policy_selection,2026-10-27T18:14:00,0,0.0428998507073
18352,2026-10-26T17:30:00,policy_selection,2026-10-27T19:06:00,0,0.0371411258373
18353,2026-10-26T18:00:00,policy_selection,2026-10-27T18:35:00,0,0.043844613055
18354,2026-10-26T18:30:00,policy_selection,2026-10-27T19:30:00,0,0.120278377022
18355,2026-10-27T09:00:00,policy_selection,2026-10-28T09:43:00,0,0.0263418024633
18356,2026-10-27T09:30:00,policy_selection,2026-10-28T10:32:00,0,0.0437347139086
18357,2026-10-27T09:30:00,policy_selection,2026-10-28T01:30:00,0,0.0429728952047
18358,2026-10-27T10:30:00,policy_selection,2026-10-28T11:28:00,0,0.0307406822903
18359,2026-10-27T10:30:00,policy_selection,2026-10-28T10:59:00,0,0.0344391296342
18362,2026-10-27T14:30:00,policy_selection,2026-10-28T15:38:00,0,0.0476583523529
18363,2026-10-27T15:00:00,policy_selection,2026-10-28T16:34:00,0,0.102830315849
18364,2026-10-27T15:00:00,policy_selection,2026-10-28T16:05:00,0,0.117493082071
18365,2026-10-27T15:00:00,policy_selection,2026-10-28T15:52:00,0,0.0293752339871
18366,2026-10-27T15:30:00,policy_selection,2026-10-28T15:45:00,1,0.0865146231289
18367,2026-10-27T16:30:00,policy_selection,2026-10-28T17:54:00,0,0.0496330559442
18368,2026-10-27T17:00:00,policy_selection,2026-10-28T18:06:00,0,0.027925863764
18369,2026-10-27T17:00:00,policy_selection,2026-10-28T18:16:00,0,0.0728052873382
18370,2026-10-27T17:00:00,policy_selection,2026-10-28T17:15:00,1,0.0420540971572
18371,2026-10-28T09:00:00,policy_selection,2026-10-29T09:32:00,0,0.0268275723262
18372,2026-10-28T10:00:00,policy_selection,2026-10-29T10:43:00,0,0.0506542833918
18373,2026-10-28T10:30:00,policy_selection,2026-10-29T11:53:00,0,0.101310995425
18375,2026-10-28T10:30:00,policy_selection,2026-10-29T11:49:00,0,0.0167249063451
18377,2026-10-28T12:00:00,policy_selection,2026-10-29T13:14:00,0,0.128441405047
18378,2026-10-28T12:30:00,policy_selection,2026-10-29T13:41:00,0,0.036376057568
18379,2026-10-28T15:00:00,policy_selection,2026-10-29T16:22:00,0,0.117028005723
18380,2026-10-28T16:00:00,policy_selection,2026-10-29T16:31:00,0,0.0786671565289
18382,2026-10-28T16:30:00,policy_selection,2026-10-29T17:19:00,0,0.0719050191364
18383,2026-10-28T16:30:00,policy_selection,2026-10-29T17:33:00,0,0.159545747768
18384,2026-10-28T17:00:00,policy_selection,2026-10-29T18:06:00,0,0.0671489280458
18385,2026-10-28T17:00:00,policy_selection,2026-10-29T18:15:00,0,0.0899239546812
18386,2026-10-28T17:30:00,policy_selection,2026-10-29T18:57:00,0,0.0414177183258
18387,2026-10-28T18:30:00,policy_selection,2026-10-29T20:16:00,0,0.0428214311584
18388,2026-10-30T10:30:00,policy_selection,2026-10-31T11:25:00,0,0.0831755460282
18389,2026-10-30T10:30:00,policy_selection,2026-10-31T11:38:00,0,0.0827280369989
18390,2026-10-30T11:00:00,policy_selection,2026-10-31T12:18:00,0,0.0997768837551
18391,2026-10-30T15:30:00,policy_selection,2026-10-31T04:30:00,0,0.14055981515
18392,2026-10-30T16:00:00,policy_selection,2026-10-31T16:38:00,0,0.105327835273
18393,2026-10-30T17:30:00,policy_selection,2026-10-31T18:28:00,0,0.0385781471251
18394,2026-10-30T18:30:00,policy_selection,2026-10-31T19:50:00,0,0.0600284083256
18395,2026-10-30T18:30:00,policy_selection,2026-10-31T19:12:00,0,0.0274385743294
18396,2026-10-31T09:00:00,policy_selection,2026-11-01T09:49:00,0,0.0873896119201
18397,2026-10-31T10:30:00,policy_selection,2026-11-01T11:20:00,0,0.12628268713
18398,2026-10-31T10:30:00,policy_selection,2026-11-01T11:53:00,0,0.0730874789882
18399,2026-10-31T10:30:00,policy_selection,2026-11-01T10:45:00,1,0.115432684842
18401,2026-10-31T11:30:00,policy_selection,2026-10-31T17:30:00,0,0.0806867979227
18402,2026-10-31T11:30:00,policy_selection,2026-11-01T12:07:00,0,0.0773030414067
18403,2026-10-31T12:30:00,policy_selection,2026-11-01T13:29:00,0,0.0563127318015
18404,2026-10-31T14:00:00,policy_selection,2026-11-01T14:37:00,0,0.0746852882334
18405,2026-10-31T14:30:00,policy_selection,2026-11-01T15:42:00,0,0.161823014735
18406,2026-10-31T15:30:00,policy_selection,2026-11-01T16:48:00,0,0.232981795206
18407,2026-10-31T15:30:00,policy_selection,2026-11-01T16:40:00,0,0.136392979544
18408,2026-10-31T15:30:00,policy_selection,2026-11-01T16:57:00,0,0.108773692712
18409,2026-10-31T16:30:00,policy_selection,2026-11-01T18:05:00,0,0.0803907515223
18410,2026-10-31T16:30:00,policy_selection,2026-11-01T17:21:00,0,0.110265319174
18412,2026-11-01T10:00:00,policy_selection,2026-11-02T10:36:00,0,0.0603419817803
18414,2026-11-01T11:00:00,policy_selection,2026-11-02T11:30:00,0,0.0757670279854
18415,2026-11-01T11:00:00,policy_selection,2026-11-02T11:47:00,0,0.0928839034855
18416,2026-11-01T11:00:00,policy_selection,2026-11-02T12:18:00,0,0.091443489798
18417,2026-11-01T11:00:00,policy_selection,2026-11-02T11:40:00,0,0.183630374693
18418,2026-11-01T12:00:00,policy_selection,2026-11-02T13:12:00,0,0.0522818258375
18419,2026-11-01T12:30:00,policy_selection,2026-11-02T13:37:00,0,0.0459496629337
18420,2026-11-01T14:00:00,policy_selection,2026-11-02T15:21:00,0,0.0999284203327
18421,2026-11-01T14:30:00,policy_selection,2026-11-02T15:43:00,0,0.103771274791
18422,2026-11-01T14:30:00,policy_selection,2026-11-02T15:58:00,0,0.102629743195
18423,2026-11-01T14:30:00,policy_selection,2026-11-02T15:38:00,0,0.0782061979383
18424,2026-11-01T15:00:00,policy_selection,2026-11-02T15:39:00,0,0.0637988277963
18426,2026-11-01T15:30:00,policy_selection,2026-11-02T16:42:00,0,0.0571443505244
18427,2026-11-01T16:00:00,policy_selection,2026-11-02T16:50:00,0,0.0787664905951
18428,2026-11-01T16:30:00,policy_selection,2026-11-02T17:08:00,0,0.137946299599
18429,2026-11-01T16:30:00,policy_selection,2026-11-02T18:06:00,0,0.135969505981
18430,2026-11-01T16:30:00,policy_selection,2026-11-02T17:34:00,0,0.109384652969
18431,2026-11-02T09:30:00,policy_selection,2026-11-03T10:44:00,0,0.0610462854664
18432,2026-11-02T10:00:00,policy_selection,2026-11-03T11:15:00,0,0.0631080746943
18434,2026-11-02T10:30:00,policy_selection,2026-11-03T11:13:00,0,0.0960220670586
18435,2026-11-02T11:00:00,policy_selection,2026-11-03T12:04:00,0,0.127131819585
18436,2026-11-02T14:00:00,policy_selection,2026-11-03T15:00:00,0,0.0456190106619
18437,2026-11-02T14:30:00,policy_selection,2026-11-03T15:31:00,0,0.111129332527
18438,2026-11-02T15:30:00,policy_selection,2026-11-02T17:30:00,0,0.194627267615
18439,2026-11-02T16:00:00,policy_selection,2026-11-03T16:39:00,0,0.0668075205792
18440,2026-11-02T17:00:00,policy_selection,2026-11-03T17:59:00,0,0.0810987416609
18441,2026-11-02T18:00:00,policy_selection,2026-11-03T18:47:00,0,0.10781771625
18442,2026-11-03T09:00:00,policy_selection,2026-11-04T10:26:00,0,0.105293666717
18443,2026-11-03T11:00:00,policy_selection,2026-11-04T12:25:00,0,0.116541365831
18444,2026-11-03T11:00:00,policy_selection,2026-11-04T12:09:00,0,0.191872237991
18445,2026-11-03T11:30:00,policy_selection,2026-11-04T12:31:00,0,0.0635116487238
18446,2026-11-03T12:00:00,policy_selection,2026-11-04T13:07:00,0,0.0784730388058
18447,2026-11-03T12:00:00,policy_selection,2026-11-04T12:52:00,0,0.0857753265248
18448,2026-11-03T12:30:00,policy_selection,2026-11-04T13:53:00,0,0.151507992133
18449,2026-11-03T12:30:00,policy_selection,2026-11-04T13:30:00,0,0.0786310748996
18450,2026-11-03T14:30:00,policy_selection,2026-11-04T15:32:00,0,0.0766877263375
18451,2026-11-03T14:30:00,policy_selection,2026-11-04T15:29:00,0,0.0661941550228
18452,2026-11-03T14:30:00,policy_selection,2026-11-04T15:06:00,0,0.0945815584361
18453,2026-11-03T14:30:00,policy_selection,2026-11-04T15:25:00,0,0.0309263800207
18454,2026-11-03T16:00:00,policy_selection,2026-11-04T16:37:00,0,0.113970060032
18455,2026-11-03T17:00:00,policy_selection,2026-11-04T18:17:00,0,0.081970383275
18456,2026-11-03T17:30:00,policy_selection,2026-11-04T17:45:00,1,0.0942458758939
18457,2026-11-03T18:00:00,policy_selection,2026-11-04T19:31:00,0,0.0883318239615
18458,2026-11-03T18:00:00,policy_selection,2026-11-04T18:50:00,0,0.049169369856
18459,2026-11-04T09:30:00,policy_selection,2026-11-05T10:27:00,0,0.165784203921
18460,2026-11-04T10:00:00,policy_selection,2026-11-05T11:10:00,0,0.0997336601855
18461,2026-11-04T10:00:00,policy_selection,2026-11-05T11:09:00,0,0.041513541146
18462,2026-11-04T10:30:00,policy_selection,2026-11-05T11:32:00,0,0.0773181565977
18463,2026-11-04T11:30:00,policy_selection,2026-11-05T13:07:00,0,0.0699894734071
18464,2026-11-04T12:00:00,policy_selection,2026-11-05T12:45:00,0,0.171272087589
18466,2026-11-04T14:30:00,policy_selection,2026-11-05T15:32:00,0,0.0558504004836
18467,2026-11-04T15:00:00,policy_selection,2026-11-05T15:15:00,1,0.117560652858
18468,2026-11-04T15:30:00,policy_selection,2026-11-05T16:29:00,0,0.0593638695762
18469,2026-11-04T17:00:00,policy_selection,2026-11-05T17:49:00,0,0.0910452812009
18470,2026-11-04T17:00:00,policy_selection,2026-11-05T17:45:00,0,0.163297470147
18471,2026-11-04T17:30:00,policy_selection,2026-11-05T18:45:00,0,0.199564655688
18472,2026-11-04T17:30:00,policy_selection,2026-11-05T18:18:00,0,0.0559150179542
18473,2026-11-06T09:00:00,policy_selection,2026-11-07T10:33:00,0,0.0640612567982
18474,2026-11-06T10:00:00,policy_selection,2026-11-07T00:00:00,0,0.076227634903
18475,2026-11-06T10:30:00,policy_selection,2026-11-07T12:23:00,0,0.214361671288
18476,2026-11-06T10:30:00,policy_selection,2026-11-07T11:00:00,0,0.0741086205793
18477,2026-11-06T11:30:00,policy_selection,2026-11-07T12:47:00,0,0.117135121749
18478,2026-11-06T11:30:00,policy_selection,2026-11-07T12:57:00,0,0.0940721752289
18479,2026-11-06T12:00:00,policy_selection,2026-11-07T13:58:00,0,0.0647501175749
18480,2026-11-06T15:00:00,policy_selection,2026-11-07T15:51:00,0,0.0611778791386
18481,2026-11-06T15:30:00,policy_selection,2026-11-07T16:46:00,0,0.164297232408
18482,2026-11-06T16:00:00,policy_selection,2026-11-07T16:50:00,0,0.0445422790127
18484,2026-11-07T11:00:00,policy_selection,2026-11-08T11:15:00,1,0.145879342089
18485,2026-11-07T11:00:00,policy_selection,2026-11-08T12:07:00,0,0.123262684151
18486,2026-11-07T11:30:00,policy_selection,2026-11-08T02:30:00,0,0.0779001461017
18487,2026-11-07T11:30:00,policy_selection,2026-11-08T11:51:00,0,0.0790806271071
18488,2026-11-07T12:00:00,policy_selection,2026-11-08T12:58:00,0,0.0392185288595
18489,2026-11-07T12:30:00,policy_selection,2026-11-08T10:30:00,0,0.0959184470602
18490,2026-11-07T14:00:00,policy_selection,2026-11-08T14:45:00,0,0.0733704619827
18491,2026-11-07T15:30:00,policy_selection,2026-11-08T16:51:00,0,0.0824343866953
18492,2026-11-07T16:00:00,policy_selection,2026-11-08T17:12:00,0,0.0859924443364
18493,2026-11-07T16:30:00,policy_selection,2026-11-08T18:10:00,0,0.0695398736238
18494,2026-11-07T18:30:00,policy_selection,2026-11-08T19:21:00,0,0.121537944337
18495,2026-11-08T09:00:00,policy_selection,2026-11-09T10:01:00,0,0.201939248848
18496,2026-11-08T09:00:00,policy_selection,2026-11-09T10:06:00,0,0.0406792295987
18497,2026-11-08T09:30:00,policy_selection,2026-11-09T10:34:00,0,0.0410601527229
18498,2026-11-08T10:00:00,policy_selection,2026-11-09T11:17:00,0,0.172247548602
18500,2026-11-08T10:30:00,policy_selection,2026-11-09T11:58:00,0,0.0700451581929
18502,2026-11-08T11:30:00,policy_selection,2026-11-09T12:55:00,0,0.164036069246
18503,2026-11-08T12:00:00,policy_selection,2026-11-09T12:50:00,0,0.0744700244116
18504,2026-11-08T14:00:00,policy_selection,2026-11-09T15:29:00,0,0.140219152015
18505,2026-11-08T15:30:00,policy_selection,2026-11-09T16:47:00,0,0.0631885328886
18506,2026-11-08T15:30:00,policy_selection,2026-11-09T16:54:00,0,0.112955574849
18507,2026-11-08T15:30:00,policy_selection,2026-11-09T16:54:00,0,0.095783625506
18508,2026-11-08T16:00:00,policy_selection,2026-11-09T16:51:00,0,0.128277727266
18509,2026-11-08T17:00:00,policy_selection,2026-11-09T17:47:00,0,0.211532010203
18510,2026-11-08T18:00:00,policy_selection,2026-11-09T18:27:00,0,0.0861165158721
18511,2026-11-09T09:00:00,policy_selection,2026-11-10T09:55:00,0,0.0453956583204
18512,2026-11-09T09:30:00,policy_selection,2026-11-10T10:36:00,0,0.133171168722
18513,2026-11-09T10:00:00,policy_selection,2026-11-10T10:45:00,0,0.0678360827646
18514,2026-11-09T10:30:00,policy_selection,2026-11-10T12:14:00,0,0.155012492449
18515,2026-11-09T10:30:00,policy_selection,2026-11-10T12:12:00,0,0.061820155024
18516,2026-11-09T11:00:00,policy_selection,2026-11-10T12:07:00,0,0.111427449114
18517,2026-11-09T12:30:00,policy_selection,2026-11-10T13:36:00,0,0.0866964643999
18519,2026-11-09T14:00:00,policy_selection,2026-11-10T15:04:00,0,0.0757449633978
18520,2026-11-09T14:30:00,policy_selection,2026-11-10T15:45:00,0,0.0848687225567
18521,2026-11-09T15:00:00,policy_selection,2026-11-10T15:36:00,0,0.121168639212
18522,2026-11-09T15:00:00,policy_selection,2026-11-10T15:55:00,0,0.0447041483689
18523,2026-11-09T16:00:00,policy_selection,2026-11-10T17:12:00,0,0.11071667
18524,2026-11-09T16:30:00,policy_selection,2026-11-10T18:16:00,0,0.197143909368
18525,2026-11-09T17:30:00,policy_selection,2026-11-10T18:28:00,0,0.16609927696
18526,2026-11-10T09:00:00,policy_selection,2026-11-11T09:32:00,0,0.077088382931
18527,2026-11-10T10:00:00,policy_selection,2026-11-10T11:00:00,0,0.0760994791108
18528,2026-11-10T10:00:00,policy_selection,2026-11-11T10:50:00,0,0.1004825781
18529,2026-11-10T10:30:00,policy_selection,2026-11-11T11:36:00,0,0.112380238237
18530,2026-11-10T11:30:00,policy_selection,2026-11-11T12:57:00,0,0.123752273289
18531,2026-11-10T12:00:00,policy_selection,2026-11-11T13:11:00,0,0.122082678525
18532,2026-11-10T12:30:00,policy_selection,2026-11-11T13:01:00,0,0.133397441933
18533,2026-11-10T15:00:00,policy_selection,2026-11-11T16:05:00,0,0.28697814568
18537,2026-11-10T16:00:00,policy_selection,2026-11-11T17:10:00,0,0.199741269089
18538,2026-11-10T16:30:00,policy_selection,2026-11-11T17:06:00,0,0.105707841628
18539,2026-11-10T17:00:00,policy_selection,2026-11-11T18:22:00,0,0.237872063899
18540,2026-11-10T17:30:00,policy_selection,2026-11-11T18:12:00,0,0.0940014018329
18542,2026-11-10T18:30:00,policy_selection,2026-11-11T19:28:00,0,0.2257540518
18543,2026-11-11T09:30:00,policy_selection,2026-11-12T10:35:00,0,0.064642821598
18544,2026-11-11T10:00:00,policy_selection,2026-11-12T10:47:00,0,0.293450236071
18545,2026-11-11T11:30:00,policy_selection,2026-11-12T12:49:00,0,0.129820157325
18546,2026-11-11T11:30:00,policy_selection,2026-11-12T12:24:00,0,0.370770194175
18547,2026-11-11T11:30:00,policy_selection,2026-11-11T14:30:00,0,0.10881595534
18548,2026-11-11T12:00:00,policy_selection,2026-11-12T12:15:00,1,0.158519077087
18549,2026-11-11T12:00:00,policy_selection,2026-11-12T12:48:00,0,0.0649592202062
18550,2026-11-11T14:00:00,policy_selection,2026-11-12T15:23:00,0,0.0551268163313
18552,2026-11-11T15:00:00,policy_selection,2026-11-12T15:41:00,0,0.0739399813196
18553,2026-11-11T15:00:00,policy_selection,2026-11-12T15:57:00,0,0.0340681711092
18554,2026-11-11T15:00:00,policy_selection,2026-11-12T16:07:00,0,0.0588234811114
18555,2026-11-11T15:30:00,policy_selection,2026-11-12T17:05:00,0,0.0939281048639
18557,2026-11-11T16:30:00,policy_selection,2026-11-12T17:30:00,0,0.20671356808
18558,2026-11-11T16:30:00,policy_selection,2026-11-12T17:48:00,0,0.112124231223
18559,2026-11-11T17:00:00,policy_selection,2026-11-12T17:58:00,0,0.0708726296309
18560,2026-11-11T17:00:00,policy_selection,2026-11-12T17:45:00,0,0.0358199723913
18561,2026-11-11T17:30:00,policy_selection,2026-11-12T18:36:00,0,0.0929276606902
18562,2026-11-13T09:30:00,policy_selection,2026-11-14T10:10:00,0,0.106046436316
18563,2026-11-13T09:30:00,policy_selection,2026-11-14T10:45:00,0,0.0710961142646
18564,2026-11-13T10:00:00,policy_selection,2026-11-14T10:31:00,0,0.058787683735
18565,2026-11-13T10:00:00,policy_selection,2026-11-14T10:55:00,0,0.126747012962
18566,2026-11-13T11:00:00,policy_selection,2026-11-14T12:10:00,0,0.0798539310869
18567,2026-11-13T12:00:00,policy_selection,2026-11-14T13:12:00,0,0.0837126178583
18568,2026-11-13T15:00:00,policy_selection,2026-11-14T16:17:00,0,0.190568673058
18570,2026-11-13T16:00:00,policy_selection,2026-11-14T17:10:00,0,0.0585901072896
18571,2026-11-13T16:30:00,policy_selection,2026-11-14T16:45:00,1,0.0481969935639
18572,2026-11-13T16:30:00,policy_selection,2026-11-14T17:46:00,0,0.126449288692
18573,2026-11-13T17:00:00,policy_selection,2026-11-14T18:09:00,0,0.0733453405803
18574,2026-11-13T17:00:00,policy_selection,2026-11-14T18:02:00,0,0.16158877551
18575,2026-11-13T17:30:00,policy_selection,2026-11-14T18:09:00,0,0.0892525188497
18576,2026-11-13T17:30:00,policy_selection,2026-11-14T17:45:00,1,0.100886161997
18577,2026-11-13T18:00:00,policy_selection,2026-11-14T19:24:00,0,0.148483208641
18578,2026-11-14T09:30:00,policy_selection,2026-11-15T10:53:00,0,0.114495607258
18579,2026-11-14T10:00:00,policy_selection,2026-11-15T11:15:00,0,0.0780394599479
18580,2026-11-14T10:30:00,policy_selection,2026-11-15T12:28:00,0,0.0806381522361
18581,2026-11-14T11:00:00,policy_selection,2026-11-15T11:39:00,0,0.145975697602
18582,2026-11-14T11:30:00,policy_selection,2026-11-15T12:56:00,0,0.137561608675
18583,2026-11-14T12:00:00,policy_selection,2026-11-15T13:13:00,0,0.0812593116035
18585,2026-11-14T14:00:00,policy_selection,2026-11-15T15:24:00,0,0.0805520355702
18586,2026-11-14T14:30:00,policy_selection,2026-11-15T15:38:00,0,0.0841296536793
18587,2026-11-14T15:00:00,policy_selection,2026-11-15T15:46:00,0,0.10910794707
18588,2026-11-14T15:00:00,policy_selection,2026-11-15T15:15:00,1,0.104763747371
18589,2026-11-14T16:00:00,policy_selection,2026-11-15T17:05:00,0,0.0571762463076
18590,2026-11-14T16:00:00,policy_selection,2026-11-15T16:59:00,0,0.0859694680821
18591,2026-11-14T16:30:00,policy_selection,2026-11-14T19:30:00,0,0.160751037004
18592,2026-11-14T17:00:00,policy_selection,2026-11-15T18:07:00,0,0.0612747507058
18593,2026-11-14T17:00:00,policy_selection,2026-11-15T18:14:00,0,0.0627403468648
18594,2026-11-14T18:00:00,policy_selection,2026-11-15T19:22:00,0,0.127501219655
18595,2026-11-15T09:30:00,policy_selection,2026-11-16T10:30:00,0,0.047360761223
18596,2026-11-15T09:30:00,policy_selection,2026-11-16T11:06:00,0,0.082254233989
18598,2026-11-15T10:00:00,policy_selection,2026-11-16T11:23:00,0,0.0571619570248
18599,2026-11-15T10:30:00,policy_selection,2026-11-16T11:27:00,0,0.0947878858794
18600,2026-11-15T12:00:00,policy_selection,2026-11-16T12:46:00,0,0.107257242157
18602,2026-11-15T16:00:00,policy_selection,2026-11-16T16:37:00,0,0.0640913681419
18603,2026-11-15T16:30:00,policy_selection,2026-11-16T17:25:00,0,0.0630802621509
18604,2026-11-15T17:30:00,policy_selection,2026-11-16T18:37:00,0,0.131781439382
18605,2026-11-16T09:00:00,policy_selection,2026-11-16T18:00:00,0,0.092931333263
18606,2026-11-16T10:30:00,policy_selection,2026-11-17T12:07:00,0,0.215700925873
18607,2026-11-16T10:30:00,policy_selection,2026-11-17T11:46:00,0,0.0572555391123
18608,2026-11-16T10:30:00,policy_selection,2026-11-17T11:26:00,0,0.0552092848755
18609,2026-11-16T11:00:00,policy_selection,2026-11-17T12:06:00,0,0.0657304784717
18610,2026-11-16T12:30:00,policy_selection,2026-11-17T13:47:00,0,0.0790213367816
18611,2026-11-16T14:30:00,policy_selection,2026-11-17T15:43:00,0,0.146299480796
18612,2026-11-16T17:30:00,policy_selection,2026-11-17T19:14:00,0,0.06354772536
18613,2026-11-16T18:30:00,policy_selection,2026-11-17T19:43:00,0,0.18436175542
18614,2026-11-17T09:30:00,policy_selection,2026-11-18T10:47:00,0,0.222612975323
18615,2026-11-17T10:00:00,policy_selection,2026-11-18T10:39:00,0,0.0688841810209
18616,2026-11-17T10:30:00,policy_selection,2026-11-18T12:05:00,0,0.0746237065416
18617,2026-11-17T11:00:00,policy_selection,2026-11-18T12:36:00,0,0.123263312745
18618,2026-11-17T11:00:00,policy_selection,2026-11-18T12:19:00,0,0.178896492984
18619,2026-11-17T11:30:00,policy_selection,2026-11-18T12:51:00,0,0.187201715478
18621,2026-11-17T12:30:00,policy_selection,2026-11-18T13:29:00,0,0.137262439655
18622,2026-11-17T15:00:00,policy_selection,2026-11-18T16:38:00,0,0.119714052844
18624,2026-11-17T15:30:00,policy_selection,2026-11-18T15:59:00,0,0.0599880878682
18626,2026-11-18T09:00:00,policy_selection,2026-11-19T09:47:00,0,0.0502735222396
18627,2026-11-18T09:00:00,policy_selection,2026-11-19T06:00:00,0,0.150209837541
18628,2026-11-18T09:30:00,policy_selection,2026-11-19T11:10:00,0,0.0773439906679
18629,2026-11-18T10:00:00,policy_selection,2026-11-19T11:13:00,0,0.063338845675
18630,2026-11-18T10:00:00,policy_selection,2026-11-19T10:30:00,0,0.0513804808809
18632,2026-11-18T11:30:00,policy_selection,2026-11-19T12:56:00,0,0.112229944028
18633,2026-11-18T12:30:00,policy_selection,2026-11-19T13:28:00,0,0.0550712747334
18634,2026-11-18T14:30:00,policy_selection,2026-11-19T15:21:00,0,0.0523368017332
18635,2026-11-18T15:00:00,policy_selection,2026-11-19T15:50:00,0,0.0844605021255
18637,2026-11-18T15:30:00,policy_selection,2026-11-19T16:57:00,0,0.0855606811349
18638,2026-11-18T15:30:00,policy_selection,2026-11-19T16:53:00,0,0.211048839195
18639,2026-11-18T16:00:00,policy_selection,2026-11-19T17:00:00,0,0.0729401206355
18640,2026-11-18T16:00:00,policy_selection,2026-11-19T17:30:00,0,0.114270539968
18641,2026-11-18T16:30:00,policy_selection,2026-11-19T17:07:00,0,0.0583253517354
18642,2026-11-18T17:00:00,policy_selection,2026-11-19T17:15:00,1,0.063092124413
18644,2026-11-20T09:30:00,policy_selection,2026-11-21T10:28:00,0,0.0816705597254
18645,2026-11-20T10:00:00,policy_selection,2026-11-21T10:15:00,1,0.0884549712751
18646,2026-11-20T10:30:00,policy_selection,2026-11-21T10:45:00,1,0.085393021068
18647,2026-11-20T11:00:00,policy_selection,2026-11-21T11:46:00,0,0.071493321835
18648,2026-11-20T11:30:00,policy_selection,2026-11-21T12:47:00,0,0.101924145659
18650,2026-11-20T12:30:00,policy_selection,2026-11-21T13:45:00,0,0.200225575384
18651,2026-11-20T14:00:00,policy_selection,2026-11-21T14:15:00,1,0.151033673182
18652,2026-11-20T14:30:00,policy_selection,2026-11-21T15:03:00,0,0.13406391565
18653,2026-11-20T15:00:00,policy_selection,2026-11-21T15:45:00,0,0.028170588039
18654,2026-11-20T15:30:00,policy_selection,2026-11-21T16:19:00,0,0.0931670571849
18655,2026-11-20T16:00:00,policy_selection,2026-11-21T16:41:00,0,0.0466694409198
18658,2026-11-21T09:30:00,policy_selection,2026-11-22T09:45:00,1,0.239694245152
18659,2026-11-21T09:30:00,policy_selection,2026-11-22T10:11:00,0,0.0851503228918
18660,2026-11-21T10:00:00,policy_selection,2026-11-22T11:26:00,0,0.112254535471
18661,2026-11-21T10:30:00,policy_selection,2026-11-22T12:00:00,0,0.149200302397
18662,2026-11-21T11:00:00,policy_selection,2026-11-22T11:28:00,0,0.0684206643937
18663,2026-11-21T11:00:00,policy_selection,2026-11-22T11:49:00,0,0.0870742033505
18664,2026-11-21T11:00:00,policy_selection,2026-11-22T11:15:00,1,0.0935949752682
18665,2026-11-21T11:00:00,policy_selection,2026-11-22T12:56:00,0,0.0831436374546
18666,2026-11-21T11:30:00,policy_selection,2026-11-22T12:34:00,0,0.111446276237
18667,2026-11-21T12:00:00,policy_selection,2026-11-22T13:27:00,0,0.0910853174931
18668,2026-11-21T12:00:00,policy_selection,2026-11-22T12:33:00,0,0.0352285757973
18669,2026-11-21T14:00:00,policy_selection,2026-11-22T15:18:00,0,0.162784554969
18670,2026-11-21T14:30:00,policy_selection,2026-11-22T15:17:00,0,0.137826992677
18671,2026-11-21T14:30:00,policy_selection,2026-11-22T15:46:00,0,0.145692980151
18672,2026-11-21T15:00:00,policy_selection,2026-11-21T21:00:00,0,0.0790164693934
18673,2026-11-21T15:30:00,policy_selection,2026-11-22T16:24:00,0,0.105446156862
18674,2026-11-21T15:30:00,policy_selection,2026-11-22T15:45:00,1,0.142427326404
18676,2026-11-21T16:00:00,policy_selection,2026-11-22T17:39:00,0,0.0941089322751
18677,2026-11-21T16:00:00,policy_selection,2026-11-22T16:54:00,0,0.0655130352149
18679,2026-11-21T16:30:00,policy_selection,2026-11-22T17:33:00,0,0.11658397724
18680,2026-11-21T17:00:00,policy_selection,2026-11-22T17:52:00,0,0.0784735555988
18681,2026-11-21T17:30:00,policy_selection,2026-11-22T18:19:00,0,0.0512318821593
18682,2026-11-21T18:00:00,policy_selection,2026-11-22T19:09:00,0,0.134817780667
18683,2026-11-22T09:00:00,policy_selection,2026-11-23T10:07:00,0,0.138155244298
18684,2026-11-22T09:00:00,policy_selection,2026-11-23T09:48:00,0,0.095472605463
18685,2026-11-22T09:30:00,policy_selection,2026-11-23T09:55:00,0,0.0697464605576
18687,2026-11-22T10:00:00,policy_selection,2026-11-23T10:58:00,0,0.0628354981796
18688,2026-11-22T10:00:00,policy_selection,2026-11-23T11:46:00,0,0.190480865587
18689,2026-11-22T10:30:00,policy_selection,2026-11-23T12:05:00,0,0.0421104501454
18690,2026-11-22T15:00:00,policy_selection,2026-11-23T16:16:00,0,0.114096360535
18691,2026-11-22T15:30:00,policy_selection,2026-11-23T16:11:00,0,0.148392443608
18692,2026-11-22T15:30:00,policy_selection,2026-11-23T16:56:00,0,0.162905294434
18693,2026-11-22T16:00:00,policy_selection,2026-11-23T16:59:00,0,0.144417657359
18694,2026-11-22T16:00:00,policy_selection,2026-11-23T16:53:00,0,0.0823308091008
18695,2026-11-22T17:00:00,policy_selection,2026-11-23T18:05:00,0,0.093745122446
18696,2026-11-22T17:00:00,policy_selection,2026-11-23T17:42:00,0,0.0744864789719
18697,2026-11-22T17:00:00,policy_selection,2026-11-23T17:41:00,0,0.0686248001292
18698,2026-11-22T18:30:00,policy_selection,2026-11-23T19:03:00,0,0.0897505151668
18699,2026-11-22T18:30:00,policy_selection,2026-11-23T19:19:00,0,0.0982178141378
18700,2026-11-23T09:00:00,policy_selection,2026-11-24T09:39:00,0,0.169857437874
18701,2026-11-23T10:00:00,policy_selection,2026-11-24T10:15:00,1,0.0708105682629
18702,2026-11-23T10:30:00,policy_selection,2026-11-24T11:15:00,0,0.0613457384622
18703,2026-11-23T11:00:00,policy_selection,2026-11-24T11:27:00,0,0.056425832172
18705,2026-11-23T11:00:00,policy_selection,2026-11-24T12:25:00,0,0.0996088819332
18706,2026-11-23T11:00:00,policy_selection,2026-11-24T11:37:00,0,0.0458933994775
18707,2026-11-23T11:30:00,policy_selection,2026-11-24T13:30:00,0,0.108422312876
18708,2026-11-23T11:30:00,policy_selection,2026-11-24T12:46:00,0,0.172415051315
18709,2026-11-23T14:00:00,policy_selection,2026-11-24T14:54:00,0,0.0406677152055
18710,2026-11-23T14:30:00,policy_selection,2026-11-24T15:44:00,0,0.115573638723
18712,2026-11-23T15:00:00,policy_selection,2026-11-24T01:00:00,0,0.100454342341
18713,2026-11-23T15:30:00,policy_selection,2026-11-24T16:30:00,0,0.200305984201
18714,2026-11-23T15:30:00,policy_selection,2026-11-24T03:30:00,0,0.0708219071481
18715,2026-11-23T16:00:00,policy_selection,2026-11-24T16:53:00,0,0.0811170170921
18716,2026-11-23T17:00:00,policy_selection,2026-11-24T18:01:00,0,0.0699027717394
18717,2026-11-23T17:30:00,policy_selection,2026-11-24T19:06:00,0,0.173082792343
18718,2026-11-23T18:00:00,policy_selection,2026-11-24T19:26:00,0,0.162498762847
18719,2026-11-23T18:30:00,policy_selection,2026-11-24T20:05:00,0,0.11860768111
18720,2026-11-24T09:00:00,policy_selection,2026-11-25T10:01:00,0,0.0534120266223
18721,2026-11-24T09:30:00,policy_selection,2026-11-25T10:14:00,0,0.0540240685556
18722,2026-11-24T11:00:00,policy_selection,2026-11-25T12:14:00,0,0.0393839829173
18723,2026-11-24T11:00:00,policy_selection,2026-11-25T12:18:00,0,0.152182163968
18724,2026-11-24T12:30:00,policy_selection,2026-11-25T02:30:00,0,0.143924796314
18725,2026-11-24T14:30:00,policy_selection,2026-11-25T15:22:00,0,0.127702542583
18726,2026-11-24T14:30:00,policy_selection,2026-11-25T15:14:00,0,0.14436779175
18727,2026-11-24T15:00:00,policy_selection,2026-11-25T15:15:00,1,0.173254211397
18728,2026-11-24T15:00:00,policy_selection,2026-11-25T15:42:00,0,0.131110158679
18729,2026-11-24T15:30:00,policy_selection,2026-11-25T15:59:00,0,0.0714828292787
18730,2026-11-24T16:00:00,policy_selection,2026-11-25T16:45:00,0,0.146898352867
18731,2026-11-24T17:30:00,policy_selection,2026-11-25T17:45:00,1,0.161824391455
18732,2026-11-24T17:30:00,policy_selection,2026-11-25T18:39:00,0,0.0868334004393
18733,2026-11-24T17:30:00,policy_selection,2026-11-25T18:45:00,0,0.139627170907
18734,2026-11-24T18:30:00,policy_selection,2026-11-25T19:43:00,0,0.252140079874
18735,2026-11-25T10:30:00,policy_selection,2026-11-26T11:14:00,0,0.0795296195475
18736,2026-11-25T11:00:00,policy_selection,2026-11-26T12:28:00,0,0.113518657535
18737,2026-11-25T12:00:00,policy_selection,2026-11-26T12:32:00,0,0.0268880341099
18738,2026-11-25T14:00:00,policy_selection,2026-11-26T15:19:00,0,0.10300137074
18739,2026-11-25T15:00:00,policy_selection,2026-11-26T16:13:00,0,0.0492209727018
18741,2026-11-25T15:00:00,policy_selection,2026-11-26T15:39:00,0,0.11964219768
18742,2026-11-25T16:00:00,policy_selection,2026-11-26T16:50:00,0,0.0511660261131
18743,2026-11-25T16:00:00,policy_selection,2026-11-26T17:13:00,0,0.0654112544588
18744,2026-11-25T16:00:00,policy_selection,2026-11-26T17:18:00,0,0.0917696076867
18745,2026-11-25T16:00:00,policy_selection,2026-11-26T17:29:00,0,0.0512447623396
18746,2026-11-25T17:00:00,policy_selection,2026-11-26T17:15:00,1,0.0686028036068
18747,2026-11-27T09:00:00,policy_selection,2026-11-28T09:15:00,1,0.43474349494
18748,2026-11-27T09:30:00,policy_selection,2026-11-28T10:38:00,0,0.0715942594279
18749,2026-11-27T09:30:00,policy_selection,2026-11-28T10:25:00,0,0.0798452145995
18751,2026-11-27T11:00:00,policy_selection,2026-11-28T11:32:00,0,0.054453215453
18752,2026-11-27T11:30:00,policy_selection,2026-11-28T13:01:00,0,0.106289846544
18753,2026-11-27T14:00:00,policy_selection,2026-11-28T15:28:00,0,0.0552615826498
18754,2026-11-27T15:00:00,policy_selection,2026-11-28T15:46:00,0,0.152867559698
18755,2026-11-27T15:30:00,policy_selection,2026-11-28T16:17:00,0,0.064029449547
18757,2026-11-27T18:00:00,policy_selection,2026-11-28T18:48:00,0,0.0933731692215
18759,2026-11-28T09:30:00,policy_selection,2026-11-29T10:39:00,0,0.163824194383
18760,2026-11-28T10:00:00,policy_selection,2026-11-29T10:15:00,1,0.0730644535103
18761,2026-11-28T10:00:00,policy_selection,2026-11-29T10:30:00,0,0.0542932193969
18762,2026-11-28T11:00:00,policy_selection,2026-11-29T11:48:00,0,0.139877005642
18763,2026-11-28T12:00:00,policy_selection,2026-11-29T13:26:00,0,0.0907578233806
18764,2026-11-28T12:30:00,policy_selection,2026-11-29T13:45:00,0,0.0474921904493
18765,2026-11-28T14:30:00,policy_selection,2026-11-29T15:22:00,0,0.0572368324361
18766,2026-11-28T14:30:00,policy_selection,2026-11-29T15:54:00,0,0.107748950276
18767,2026-11-28T15:00:00,policy_selection,2026-11-29T15:52:00,0,0.0911418429313
18768,2026-11-28T15:00:00,policy_selection,2026-11-29T15:37:00,0,0.134308730823
18769,2026-11-28T15:00:00,policy_selection,2026-11-29T16:13:00,0,0.0350641491723
18770,2026-11-28T15:30:00,policy_selection,2026-11-29T16:02:00,0,0.070138967454
18771,2026-11-28T16:30:00,policy_selection,2026-11-29T17:11:00,0,0.0500661682894
18772,2026-11-28T17:00:00,policy_selection,2026-11-29T18:21:00,0,0.0570623020592
18773,2026-11-28T17:30:00,policy_selection,2026-11-29T18:17:00,0,0.0424210968077
18774,2026-11-28T18:00:00,policy_selection,2026-11-29T19:14:00,0,0.103181652799
18775,2026-11-28T18:30:00,policy_selection,2026-11-29T20:12:00,0,0.159491077383
18778,2026-11-29T11:00:00,policy_selection,2026-11-30T12:33:00,0,0.298431434665
18779,2026-11-29T11:30:00,policy_selection,2026-11-30T12:04:00,0,0.0930899100541
18780,2026-11-29T12:00:00,policy_selection,2026-11-30T12:15:00,1,0.151833295099
18781,2026-11-29T12:00:00,policy_selection,2026-11-30T12:58:00,0,0.0389780624434
18782,2026-11-29T12:30:00,policy_selection,2026-11-30T14:02:00,0,0.200256799042
18783,2026-11-29T14:30:00,policy_selection,2026-11-30T14:45:00,1,0.0778585285844
18784,2026-11-29T15:00:00,policy_selection,2026-11-30T16:11:00,0,0.0945765056575
18785,2026-11-29T16:00:00,policy_selection,2026-11-30T17:28:00,0,0.151478351013
18786,2026-11-29T16:00:00,policy_selection,2026-11-30T17:15:00,0,0.0631144864589
18787,2026-11-29T16:30:00,policy_selection,2026-11-30T16:45:00,1,0.167160589004
18788,2026-11-29T17:30:00,policy_selection,2026-11-30T18:11:00,0,0.127841559561
18789,2026-11-29T18:00:00,policy_selection,2026-11-30T18:41:00,0,0.0608611287365
18790,2026-11-29T18:00:00,policy_selection,2026-11-30T19:03:00,0,0.0475864678877
18791,2026-11-29T18:30:00,policy_selection,2026-11-30T19:52:00,0,0.146861760058
18792,2026-11-30T09:30:00,policy_selection,2026-12-01T10:37:00,0,0.0793794022959
18793,2026-11-30T10:00:00,policy_selection,2026-12-01T11:08:00,0,0.064147068605
18794,2026-11-30T10:00:00,policy_selection,2026-12-01T11:00:00,0,0.0649024962378
18795,2026-11-30T10:30:00,policy_selection,2026-12-01T12:02:00,0,0.0953885447108
18796,2026-11-30T11:30:00,policy_selection,2026-12-01T12:50:00,0,0.191042355254
18797,2026-11-30T14:30:00,policy_selection,2026-12-01T15:49:00,0,0.056460414863
18798,2026-11-30T15:30:00,policy_selection,2026-12-01T16:09:00,0,0.0439570668226
18799,2026-11-30T15:30:00,policy_selection,2026-12-01T17:08:00,0,0.107962242176
18800,2026-11-30T16:00:00,policy_selection,2026-12-01T17:08:00,0,0.114710516853
18801,2026-11-30T17:00:00,policy_selection,2026-12-01T18:00:00,0,0.0494909592777
18802,2026-11-30T17:30:00,policy_selection,2026-12-01T18:59:00,0,0.0489356305213
18803,2026-11-30T17:30:00,policy_selection,2026-12-01T18:37:00,0,0.0737204129265
18804,2026-11-30T18:00:00,policy_selection,2026-12-01T19:37:00,0,0.0926142678324
18805,2026-12-01T09:00:00,policy_selection,2026-12-02T10:03:00,0,0.112274427042
18806,2026-12-01T09:30:00,policy_selection,2026-12-02T10:49:00,0,0.0692675341246
18807,2026-12-01T11:00:00,policy_selection,2026-12-02T12:27:00,0,0.0449257439516
18808,2026-12-01T11:30:00,policy_selection,2026-12-02T12:21:00,0,0.0594068340503
18809,2026-12-01T11:30:00,policy_selection,2026-12-02T12:20:00,0,0.0370347683541
18810,2026-12-01T11:30:00,policy_selection,2026-12-02T13:04:00,0,0.109956972697
18812,2026-12-01T12:00:00,policy_selection,2026-12-02T12:39:00,0,0.105649811935
18813,2026-12-01T12:00:00,policy_selection,2026-12-02T13:15:00,0,0.11481786184
18815,2026-12-01T12:30:00,policy_selection,2026-12-02T13:33:00,0,0.0964366903117
18816,2026-12-01T14:00:00,policy_selection,2026-12-02T14:57:00,0,0.0685068967616
18817,2026-12-01T15:30:00,policy_selection,2026-12-02T16:16:00,0,0.0422768160293
18818,2026-12-01T15:30:00,policy_selection,2026-12-02T16:12:00,0,0.0515151416537
18819,2026-12-01T15:30:00,policy_selection,2026-12-02T16:33:00,0,0.0658349321535
18820,2026-12-01T17:00:00,policy_selection,2026-12-02T18:00:00,0,0.0404862844316
18821,2026-12-01T17:00:00,policy_selection,2026-12-02T17:15:00,1,0.0768519424639
18823,2026-12-01T17:30:00,policy_selection,2026-12-02T18:27:00,0,0.0617326482088
18824,2026-12-01T17:30:00,policy_selection,2026-12-02T18:46:00,0,0.0864905152038
18825,2026-12-01T18:00:00,policy_selection,2026-12-02T18:40:00,0,0.142107878054
18826,2026-12-02T09:30:00,policy_selection,2026-12-03T10:29:00,0,0.0493001987614
18827,2026-12-02T09:30:00,policy_selection,2026-12-03T10:03:00,0,0.0479751845229
18828,2026-12-02T10:00:00,policy_selection,2026-12-03T02:00:00,0,0.0856428284826
18829,2026-12-02T10:30:00,policy_selection,2026-12-03T11:03:00,0,0.0681847492811
18830,2026-12-02T10:30:00,policy_selection,2026-12-03T10:45:00,1,0.0641516383512
18831,2026-12-02T10:30:00,policy_selection,2026-12-03T12:03:00,0,0.0511432176744
18832,2026-12-02T11:30:00,policy_selection,2026-12-03T12:16:00,0,0.0727455451834
18833,2026-12-02T12:30:00,policy_selection,2026-12-03T12:45:00,1,0.0611276720005
18834,2026-12-02T12:30:00,policy_selection,2026-12-03T13:51:00,0,0.0715304496105
18835,2026-12-02T12:30:00,policy_selection,2026-12-03T13:22:00,0,0.0638056152009
18836,2026-12-02T15:30:00,policy_selection,2026-12-03T16:34:00,0,0.224635281671
18839,2026-12-02T16:00:00,policy_selection,2026-12-03T17:11:00,0,0.163556930149
18840,2026-12-02T16:00:00,policy_selection,2026-12-03T17:39:00,0,0.0774578686097
18841,2026-12-02T16:30:00,policy_selection,2026-12-03T17:29:00,0,0.0834025449701
18842,2026-12-02T16:30:00,policy_selection,2026-12-03T18:06:00,0,0.301534927426
18843,2026-12-02T16:30:00,policy_selection,2026-12-03T18:03:00,0,0.092989767847
18844,2026-12-02T16:30:00,policy_selection,2026-12-03T17:48:00,0,0.101651673884
18845,2026-12-02T17:00:00,policy_selection,2026-12-03T17:15:00,1,0.18056383908
18846,2026-12-02T18:00:00,policy_selection,2026-12-03T19:17:00,0,0.0976618084567
18847,2026-12-02T18:30:00,policy_selection,2026-12-03T19:36:00,0,0.0995705786505
18849,2026-12-04T14:30:00,policy_selection,2026-12-05T16:10:00,0,0.070582973084
18851,2026-12-04T15:30:00,policy_selection,2026-12-05T16:37:00,0,0.0434865975527
18852,2026-12-04T16:30:00,policy_selection,2026-12-05T13:30:00,0,0.129638494011
18853,2026-12-04T16:30:00,policy_selection,2026-12-05T17:35:00,0,0.0515299993495
18854,2026-12-04T17:00:00,policy_selection,2026-12-05T17:53:00,0,0.0331578558411
18855,2026-12-05T09:30:00,policy_selection,2026-12-06T10:11:00,0,0.100750072033
18856,2026-12-05T10:00:00,policy_selection,2026-12-06T11:15:00,0,0.0481824782056
18857,2026-12-05T10:00:00,policy_selection,2026-12-06T10:37:00,0,0.0580989030935
18858,2026-12-05T10:30:00,policy_selection,2026-12-06T11:19:00,0,0.04123866656
18859,2026-12-05T10:30:00,policy_selection,2026-12-06T11:43:00,0,0.18846608064
18860,2026-12-05T11:00:00,policy_selection,2026-12-06T11:59:00,0,0.0648048566055
18861,2026-12-05T11:00:00,policy_selection,2026-12-06T11:15:00,1,0.145232287592
18862,2026-12-05T11:30:00,policy_selection,2026-12-06T11:45:00,1,0.0678190921029
18863,2026-12-05T11:30:00,policy_selection,2026-12-06T12:06:00,0,0.0379372133717
18864,2026-12-05T12:00:00,policy_selection,2026-12-06T12:52:00,0,0.0252804929667
18865,2026-12-05T12:00:00,policy_selection,2026-12-06T12:36:00,0,0.0339803370563
18867,2026-12-05T12:30:00,policy_selection,2026-12-06T13:28:00,0,0.052486940177
18868,2026-12-05T15:30:00,policy_selection,2026-12-06T17:27:00,0,0.119447411207
18869,2026-12-05T15:30:00,policy_selection,2026-12-06T16:02:00,0,0.0389624549843
18870,2026-12-05T15:30:00,policy_selection,2026-12-06T16:04:00,0,0.0354787222964
18871,2026-12-05T16:00:00,policy_selection,2026-12-06T16:54:00,0,0.0624169338237
18872,2026-12-05T16:00:00,policy_selection,2026-12-06T16:49:00,0,0.0564510727421
18873,2026-12-05T16:00:00,policy_selection,2026-12-06T16:30:00,0,0.0426180017875
18874,2026-12-05T17:00:00,policy_selection,2026-12-06T18:11:00,0,0.0473364071668
18875,2026-12-05T17:00:00,policy_selection,2026-12-06T18:35:00,0,0.0977636042369
18876,2026-12-05T17:00:00,policy_selection,2026-12-06T18:01:00,0,0.0886793323262
18877,2026-12-05T17:30:00,policy_selection,2026-12-06T19:01:00,0,0.107819628731
18878,2026-12-05T18:00:00,policy_selection,2026-12-06T18:15:00,1,0.113615263155
18879,2026-12-05T18:00:00,policy_selection,2026-12-06T18:15:00,1,0.117337426949
18881,2026-12-05T18:30:00,policy_selection,2026-12-06T19:16:00,0,0.0620983252113
18882,2026-12-06T09:00:00,policy_selection,2026-12-07T09:52:00,0,0.14976999606
18883,2026-12-06T09:30:00,policy_selection,2026-12-07T11:01:00,0,0.114472413704
18884,2026-12-06T09:30:00,policy_selection,2026-12-07T10:42:00,0,0.148123965278
18885,2026-12-06T10:30:00,policy_selection,2026-12-07T11:54:00,0,0.0776891196549
18886,2026-12-06T10:30:00,policy_selection,2026-12-07T11:25:00,0,0.0490234569821
18887,2026-12-06T11:00:00,policy_selection,2026-12-07T11:35:00,0,0.0729077670852
18888,2026-12-06T12:00:00,policy_selection,2026-12-07T12:15:00,1,0.0754189763056
18889,2026-12-06T12:30:00,policy_selection,2026-12-07T13:40:00,0,0.058457724492
18890,2026-12-06T14:00:00,policy_selection,2026-12-07T14:15:00,1,0.084319781691
18891,2026-12-06T14:30:00,policy_selection,2026-12-07T15:44:00,0,0.0783363987171
18893,2026-12-06T14:30:00,policy_selection,2026-12-07T15:57:00,0,0.0506463609861
18894,2026-12-06T15:00:00,policy_selection,2026-12-07T15:46:00,0,0.127797141081
18895,2026-12-06T15:30:00,policy_selection,2026-12-07T16:11:00,0,0.110070502275
18896,2026-12-06T15:30:00,policy_selection,2026-12-07T16:26:00,0,0.0887229591754
18898,2026-12-06T16:30:00,policy_selection,2026-12-07T17:27:00,0,0.0946117205302
18899,2026-12-06T16:30:00,policy_selection,2026-12-07T17:00:00,0,0.0659730306523
18900,2026-12-06T17:00:00,policy_selection,2026-12-07T18:15:00,0,0.127382611818
18901,2026-12-06T17:00:00,policy_selection,2026-12-07T17:42:00,0,0.073080507551
18902,2026-12-06T17:00:00,policy_selection,2026-12-07T18:04:00,0,0.0965235802678
18903,2026-12-06T18:00:00,policy_selection,2026-12-07T19:02:00,0,0.169178409635
18904,2026-12-06T18:00:00,policy_selection,2026-12-07T19:03:00,0,0.226851056589
18905,2026-12-06T18:30:00,policy_selection,2026-12-07T20:03:00,0,0.0559792030004
18906,2026-12-06T18:30:00,policy_selection,2026-12-07T19:19:00,0,0.0838492455174
18907,2026-12-07T09:30:00,policy_selection,2026-12-08T11:11:00,0,0.126587329621
18908,2026-12-07T10:00:00,policy_selection,2026-12-08T10:31:00,0,0.0957782743454
18909,2026-12-07T10:30:00,policy_selection,2026-12-08T11:17:00,0,0.0766565209889
18911,2026-12-07T11:30:00,policy_selection,2026-12-08T12:33:00,0,0.0882826834717
18912,2026-12-07T11:30:00,policy_selection,2026-12-08T11:55:00,0,0.056514526453
18913,2026-12-07T12:00:00,policy_selection,2026-12-08T12:51:00,0,0.0546943619501
18914,2026-12-07T12:30:00,policy_selection,2026-12-08T13:42:00,0,0.0723933510418
18915,2026-12-07T14:30:00,policy_selection,2026-12-08T16:00:00,0,0.0428918339428
18916,2026-12-07T15:00:00,policy_selection,2026-12-08T16:06:00,0,0.0292855242307
18917,2026-12-07T15:30:00,policy_selection,2026-12-08T16:19:00,0,0.0438607555579
18918,2026-12-07T16:00:00,policy_selection,2026-12-08T16:15:00,1,0.10241871004
18919,2026-12-07T16:30:00,policy_selection,2026-12-08T16:45:00,1,0.0927107008207
18920,2026-12-07T17:00:00,policy_selection,2026-12-08T17:32:00,0,0.0797742563225
18921,2026-12-07T18:00:00,policy_selection,2026-12-08T19:47:00,0,0.0501390153996
18922,2026-12-08T09:30:00,policy_selection,2026-12-09T10:21:00,0,0.0742824789994
18923,2026-12-08T09:30:00,policy_selection,2026-12-09T10:01:00,0,0.0704027406409
18924,2026-12-08T11:30:00,policy_selection,2026-12-09T12:35:00,0,0.174345805889
18925,2026-12-08T11:30:00,policy_selection,2026-12-09T12:13:00,0,0.0742006361992
18926,2026-12-08T12:30:00,policy_selection,2026-12-09T13:31:00,0,0.0674643699261
18927,2026-12-08T12:30:00,policy_selection,2026-12-09T13:38:00,0,0.10964963501
18928,2026-12-08T12:30:00,policy_selection,2026-12-09T13:14:00,0,0.0445477206899
18929,2026-12-08T12:30:00,policy_selection,2026-12-09T12:57:00,0,0.0801440768217
18930,2026-12-08T14:30:00,policy_selection,2026-12-09T15:29:00,0,0.117431507335
18931,2026-12-08T14:30:00,policy_selection,2026-12-09T16:24:00,0,0.0600494773073
18932,2026-12-08T14:30:00,policy_selection,2026-12-09T15:16:00,0,0.0326369866296
18933,2026-12-08T14:30:00,policy_selection,2026-12-09T15:39:00,0,0.105536407754
18934,2026-12-08T14:30:00,policy_selection,2026-12-09T15:36:00,0,0.0767777082864
18935,2026-12-08T15:00:00,policy_selection,2026-12-09T16:31:00,0,0.0751166642108
18937,2026-12-08T16:00:00,policy_selection,2026-12-09T16:38:00,0,0.0540779582476
18938,2026-12-08T16:00:00,policy_selection,2026-12-09T17:11:00,0,0.0290326492985
18939,2026-12-08T16:30:00,policy_selection,2026-12-09T17:45:00,0,0.072801751525
18940,2026-12-08T16:30:00,policy_selection,2026-12-09T17:55:00,0,0.121137038626
18941,2026-12-08T17:00:00,policy_selection,2026-12-09T17:45:00,0,0.0631910686965
18942,2026-12-08T17:00:00,policy_selection,2026-12-09T17:45:00,0,0.104241682892
18943,2026-12-08T17:00:00,policy_selection,2026-12-09T18:00:00,0,0.0296125606577
18944,2026-12-08T17:30:00,policy_selection,2026-12-09T19:04:00,0,0.165380929771
18945,2026-12-08T17:30:00,policy_selection,2026-12-09T18:46:00,0,0.0355687541295
18946,2026-12-08T17:30:00,policy_selection,2026-12-09T19:12:00,0,0.0472643467582
18947,2026-12-08T17:30:00,policy_selection,2026-12-09T18:24:00,0,0.0444641303379
18948,2026-12-08T18:00:00,policy_selection,2026-12-09T19:17:00,0,0.163067361456
18949,2026-12-08T18:30:00,policy_selection,2026-12-09T18:58:00,0,0.0523120397379
18950,2026-12-08T18:30:00,policy_selection,2026-12-09T19:14:00,0,0.0594750510894
18951,2026-12-09T09:00:00,policy_selection,2026-12-10T09:55:00,0,0.0495571328234
18952,2026-12-09T09:30:00,policy_selection,2026-12-10T10:47:00,0,0.0860020078957
18954,2026-12-09T11:30:00,policy_selection,2026-12-10T12:54:00,0,0.0565820159931
18955,2026-12-09T11:30:00,policy_selection,2026-12-10T12:29:00,0,0.041959554138
18956,2026-12-09T11:30:00,policy_selection,2026-12-10T13:06:00,0,0.208297853714
18957,2026-12-09T12:00:00,policy_selection,2026-12-10T12:48:00,0,0.0391036436775
18958,2026-12-09T14:00:00,policy_selection,2026-12-10T14:54:00,0,0.0869294454463
18959,2026-12-09T15:30:00,policy_selection,2026-12-10T16:47:00,0,0.219623227331
18960,2026-12-09T16:00:00,policy_selection,2026-12-10T17:12:00,0,0.120766550718
18961,2026-12-09T16:00:00,policy_selection,2026-12-10T17:07:00,0,0.0793025967856
18962,2026-12-09T17:30:00,policy_selection,2026-12-10T18:23:00,0,0.136323811359
18963,2026-12-09T18:00:00,policy_selection,2026-12-10T18:39:00,0,0.0790476000377
18964,2026-12-09T18:30:00,policy_selection,2026-12-10T19:24:00,0,0.137803637894
18965,2026-12-09T18:30:00,policy_selection,2026-12-10T19:14:00,0,0.0994920489277
18966,2026-12-11T09:00:00,policy_selection,2026-12-12T10:02:00,0,0.131346947581
18967,2026-12-11T09:30:00,policy_selection,2026-12-12T10:39:00,0,0.114411187832
18968,2026-12-11T09:30:00,policy_selection,2026-12-12T09:45:00,1,0.166832816767
18969,2026-12-11T10:30:00,policy_selection,2026-12-12T10:45:00,1,0.0329217419882
18970,2026-12-11T11:30:00,policy_selection,2026-12-12T12:44:00,0,0.184463485534
18971,2026-12-11T12:00:00,policy_selection,2026-12-12T12:53:00,0,0.0343954905063
18972,2026-12-11T12:00:00,policy_selection,2026-12-12T13:23:00,0,0.114256519215
18973,2026-12-11T12:30:00,policy_selection,2026-12-12T13:35:00,0,0.0540264465108
18974,2026-12-11T15:30:00,policy_selection,2026-12-12T15:45:00,1,0.133484119937
18976,2026-12-11T16:00:00,policy_selection,2026-12-11T19:00:00,0,0.0368193781834
18977,2026-12-11T17:00:00,policy_selection,2026-12-12T18:36:00,0,0.0930808044531
18978,2026-12-11T18:00:00,policy_selection,2026-12-12T18:46:00,0,0.0539628963011
18979,2026-12-12T09:00:00,policy_selection,2026-12-13T10:07:00,0,0.156722957471
18981,2026-12-12T09:30:00,policy_selection,2026-12-13T10:41:00,0,0.100666972192
18982,2026-12-12T10:00:00,policy_selection,2026-12-13T11:19:00,0,0.0235418306914
18984,2026-12-12T12:30:00,policy_selection,2026-12-13T13:11:00,0,0.0623599246513
18985,2026-12-12T14:00:00,policy_selection,2026-12-13T14:56:00,0,0.0792015287788
18987,2026-12-12T15:30:00,policy_selection,2026-12-13T16:01:00,0,0.123467084105
18988,2026-12-12T15:30:00,policy_selection,2026-12-13T16:25:00,0,0.0365839722151
18989,2026-12-12T16:30:00,policy_selection,2026-12-13T17:57:00,0,0.0298338018335
18990,2026-12-12T17:00:00,policy_selection,2026-12-13T17:50:00,0,0.101966340933
18991,2026-12-13T10:00:00,policy_selection,2026-12-14T10:15:00,1,0.0659469354799
18992,2026-12-13T10:00:00,policy_selection,2026-12-14T11:17:00,0,0.0700864739598
18993,2026-12-13T10:00:00,policy_selection,2026-12-14T10:15:00,1,0.160116734805
18994,2026-12-13T15:30:00,policy_selection,2026-12-14T16:36:00,0,0.0953656028796
18995,2026-12-13T16:00:00,policy_selection,2026-12-14T16:48:00,0,0.0457460173956
18996,2026-12-13T17:30:00,policy_selection,2026-12-14T18:41:00,0,0.0639795037711
18997,2026-12-14T09:30:00,policy_selection,2026-12-15T10:40:00,0,0.106598773983
18998,2026-12-14T10:00:00,policy_selection,2026-12-15T10:52:00,0,0.0621659840607
18999,2026-12-14T10:00:00,policy_selection,2026-12-15T10:49:00,0,0.0842030548782
19001,2026-12-14T10:30:00,policy_selection,2026-12-15T11:24:00,0,0.0282596495157
19002,2026-12-14T11:00:00,policy_selection,2026-12-15T11:52:00,0,0.073136037627
19003,2026-12-14T11:30:00,policy_selection,2026-12-15T12:00:00,0,0.048390041204
19004,2026-12-14T12:00:00,policy_selection,2026-12-15T13:03:00,0,0.0612358726047
19005,2026-12-14T12:00:00,policy_selection,2026-12-15T13:16:00,0,0.0408760948605
19006,2026-12-14T12:30:00,policy_selection,2026-12-15T13:35:00,0,0.0291516524332
19007,2026-12-14T14:30:00,policy_selection,2026-12-15T16:00:00,0,0.156928840059
19008,2026-12-14T16:00:00,policy_selection,2026-12-15T02:00:00,0,0.232413427108
19009,2026-12-14T16:30:00,policy_selection,2026-12-15T18:03:00,0,0.158057002129
19010,2026-12-14T17:00:00,policy_selection,2026-12-15T17:58:00,0,0.0691703124627
19011,2026-12-14T18:30:00,policy_selection,2026-12-15T19:25:00,0,0.16394626175
19012,2026-12-14T18:30:00,policy_selection,2026-12-15T19:36:00,0,0.122937101572
19013,2026-12-15T09:00:00,policy_selection,2026-12-16T10:27:00,0,0.111721091439
19014,2026-12-15T10:00:00,policy_selection,2026-12-16T10:21:00,0,0.136175924261
19015,2026-12-15T10:00:00,policy_selection,2026-12-16T11:29:00,0,0.113126372734
19016,2026-12-15T10:30:00,policy_selection,2026-12-16T10:45:00,1,0.0425018938854
19017,2026-12-15T11:00:00,policy_selection,2026-12-16T11:55:00,0,0.0776841646351
19018,2026-12-15T16:00:00,policy_selection,2026-12-16T16:54:00,0,0.12893837625
19019,2026-12-15T16:30:00,policy_selection,2026-12-16T16:45:00,1,0.0498939602173
19020,2026-12-15T16:30:00,policy_selection,2026-12-16T17:57:00,0,0.063807266827
19021,2026-12-15T16:30:00,policy_selection,2026-12-16T16:45:00,1,0.108099289959
19022,2026-12-15T17:00:00,policy_selection,2026-12-16T18:25:00,0,0.0862567146629
19023,2026-12-15T17:30:00,policy_selection,2026-12-16T17:45:00,1,0.0339825708472
19024,2026-12-15T18:00:00,policy_selection,2026-12-16T18:31:00,0,0.0331152867519
19025,2026-12-16T09:00:00,policy_selection,2026-12-17T09:37:00,0,0.0854398952984
19026,2026-12-16T09:30:00,policy_selection,2026-12-17T10:06:00,0,0.0648887253729
19027,2026-12-16T10:00:00,policy_selection,2026-12-17T10:53:00,0,0.0492173570277
19028,2026-12-16T10:00:00,policy_selection,2026-12-17T11:40:00,0,0.0631544653511
19029,2026-12-16T11:00:00,policy_selection,2026-12-17T11:15:00,1,0.0802647920528
19030,2026-12-16T11:30:00,policy_selection,2026-12-17T12:50:00,0,0.046207218497
19032,2026-12-16T12:00:00,policy_selection,2026-12-17T12:15:00,1,0.121371817078
19033,2026-12-16T15:00:00,policy_selection,2026-12-17T15:44:00,0,0.154869572717
19034,2026-12-16T16:00:00,policy_selection,2026-12-17T17:11:00,0,0.183379687292
19035,2026-12-16T17:30:00,policy_selection,2026-12-17T19:13:00,0,0.781275167663
19036,2026-12-16T18:00:00,policy_selection,2026-12-17T19:14:00,0,0.166950618738
19037,2026-12-16T18:00:00,policy_selection,2026-12-17T18:37:00,0,0.0392496104422
19038,2026-12-18T09:00:00,policy_selection,2026-12-19T09:56:00,0,0.0455116350816
19039,2026-12-18T10:00:00,policy_selection,2026-12-19T11:01:00,0,0.0803466403246
19040,2026-12-18T12:30:00,policy_selection,2026-12-19T13:44:00,0,0.0555542712777
19041,2026-12-18T14:30:00,policy_selection,2026-12-19T15:50:00,0,0.082830296284
19043,2026-12-18T17:00:00,policy_selection,2026-12-19T17:53:00,0,0.064196398899
19044,2026-12-18T18:30:00,policy_selection,2026-12-19T19:33:00,0,0.0369956516946
19045,2026-12-18T18:30:00,policy_selection,2026-12-19T19:18:00,0,0.0510340374542
19046,2026-12-19T09:00:00,policy_selection,2026-12-20T10:35:00,0,0.0726710463264
19047,2026-12-19T09:30:00,policy_selection,2026-12-20T09:45:00,1,0.061097635432
19048,2026-12-19T10:00:00,policy_selection,2026-12-20T10:56:00,0,0.0858227827333
19049,2026-12-19T14:00:00,policy_selection,2026-12-20T15:01:00,0,0.0412847217143
19050,2026-12-19T15:00:00,policy_selection,2026-12-20T08:00:00,0,0.14867387518
19051,2026-12-19T15:00:00,policy_selection,2026-12-20T15:40:00,0,0.026683759938
19052,2026-12-19T15:30:00,policy_selection,2026-12-20T16:28:00,0,0.0821899706978
19053,2026-12-19T16:00:00,policy_selection,2026-12-20T17:11:00,0,0.127748837835
19054,2026-12-19T17:00:00,policy_selection,2026-12-20T18:12:00,0,0.117605385845
19055,2026-12-19T18:30:00,policy_selection,2026-12-20T19:57:00,0,0.188067397737
19056,2026-12-19T18:30:00,policy_selection,2026-12-20T19:52:00,0,0.0948805972641
19057,2026-12-20T10:00:00,policy_selection,2026-12-21T11:16:00,0,0.161132958413
19058,2026-12-20T10:00:00,policy_selection,2026-12-21T10:15:00,1,0.135349675321
19059,2026-12-20T10:30:00,policy_selection,2026-12-20T21:30:00,0,0.0906784603148
19060,2026-12-20T11:00:00,policy_selection,2026-12-21T12:04:00,0,0.0705039249785
19061,2026-12-20T12:00:00,policy_selection,2026-12-21T13:36:00,0,0.0623392165072
19062,2026-12-20T12:30:00,policy_selection,2026-12-21T14:00:00,0,0.137457104865
19063,2026-12-20T14:30:00,policy_selection,2026-12-21T15:25:00,0,0.0886109295755
19064,2026-12-20T15:30:00,policy_selection,2026-12-21T16:10:00,0,0.165980373954
19065,2026-12-20T17:00:00,policy_selection,2026-12-21T18:28:00,0,0.0408126299262
19066,2026-12-20T17:30:00,policy_selection,2026-12-21T18:30:00,0,0.0832766369537
19067,2026-12-21T11:30:00,policy_selection,2026-12-22T12:26:00,0,0.0911911236838
19068,2026-12-21T11:30:00,policy_selection,2026-12-22T12:59:00,0,0.0631168821228
19069,2026-12-21T11:30:00,policy_selection,2026-12-22T11:45:00,1,0.0838012059359
19070,2026-12-21T11:30:00,policy_selection,2026-12-22T13:02:00,0,0.0756567929372
19071,2026-12-21T12:00:00,policy_selection,2026-12-22T12:53:00,0,0.0403909113358
19072,2026-12-21T15:30:00,policy_selection,2026-12-22T16:51:00,0,0.0948339268862
19073,2026-12-21T15:30:00,policy_selection,2026-12-22T16:52:00,0,0.133805944465
19074,2026-12-21T16:00:00,policy_selection,2026-12-22T16:21:00,0,0.188336083698
19075,2026-12-21T16:00:00,policy_selection,2026-12-22T17:37:00,0,0.113285516728
19077,2026-12-21T16:30:00,policy_selection,2026-12-22T17:15:00,0,0.0604233482766
19078,2026-12-21T18:00:00,policy_selection,2026-12-22T19:04:00,0,0.150623689409
19079,2026-12-22T09:30:00,policy_selection,2026-12-23T10:34:00,0,0.222025915806
19080,2026-12-22T09:30:00,policy_selection,2026-12-23T10:46:00,0,0.0901477290095
19081,2026-12-22T10:00:00,policy_selection,2026-12-23T03:00:00,0,0.0549026519289
19082,2026-12-22T10:00:00,policy_selection,2026-12-23T10:35:00,0,0.0600506860401
19084,2026-12-22T11:00:00,policy_selection,2026-12-23T11:15:00,1,0.0698418219812
19085,2026-12-22T14:30:00,policy_selection,2026-12-23T15:14:00,0,0.0575450999099
19087,2026-12-22T15:00:00,policy_selection,2026-12-23T16:19:00,0,0.102581427938
19088,2026-12-22T15:30:00,policy_selection,2026-12-23T17:07:00,0,0.107206754512
19089,2026-12-22T16:30:00,policy_selection,2026-12-23T16:45:00,1,0.0569856727193
19090,2026-12-22T17:30:00,policy_selection,2026-12-23T18:08:00,0,0.0584437684799
19091,2026-12-22T18:00:00,policy_selection,2026-12-23T18:59:00,0,0.0951462524011
19092,2026-12-22T18:30:00,policy_selection,2026-12-23T18:45:00,1,0.0682406940334
19093,2026-12-23T09:00:00,policy_selection,2026-12-24T10:02:00,0,0.116992837026
19094,2026-12-23T09:00:00,policy_selection,2026-12-24T09:36:00,0,0.0384985856842
19097,2026-12-23T10:30:00,policy_selection,2026-12-24T11:53:00,0,0.0997158881026
19098,2026-12-23T11:00:00,policy_selection,2026-12-24T11:56:00,0,0.0392273982459
19099,2026-12-23T11:30:00,policy_selection,2026-12-24T11:45:00,1,0.0572596370449
19100,2026-12-23T12:00:00,policy_selection,2026-12-24T12:55:00,0,0.0368716126939
19101,2026-12-23T14:00:00,policy_selection,2026-12-24T15:18:00,0,0.0476345704668
19102,2026-12-23T15:00:00,policy_selection,2026-12-24T15:56:00,0,0.0524579839663
19103,2026-12-23T16:30:00,policy_selection,2026-12-24T18:17:00,0,0.148523357962
19104,2026-12-25T09:00:00,policy_selection,2026-12-26T09:49:00,0,0.0282492951104
19105,2026-12-25T10:00:00,policy_selection,2026-12-26T11:05:00,0,0.0356433011403
19107,2026-12-25T10:30:00,policy_selection,2026-12-26T11:43:00,0,0.0452249267338
19108,2026-12-25T11:00:00,policy_selection,2026-12-26T11:15:00,1,0.0693165570541
19109,2026-12-25T11:00:00,policy_selection,2026-12-26T06:00:00,0,0.0710100184072
19110,2026-12-25T11:30:00,policy_selection,2026-12-26T12:33:00,0,0.0504180827149
19111,2026-12-25T11:30:00,policy_selection,2026-12-26T13:12:00,0,0.0499115178746
19112,2026-12-25T11:30:00,policy_selection,2026-12-26T12:22:00,0,0.074821837925
19113,2026-12-25T11:30:00,policy_selection,2026-12-26T11:45:00,1,0.0358965603736
19114,2026-12-25T15:00:00,policy_selection,2026-12-26T16:11:00,0,0.0546736993938
19115,2026-12-25T15:30:00,policy_selection,2026-12-26T16:17:00,0,0.0475365031035
19116,2026-12-25T17:00:00,policy_selection,2026-12-26T18:21:00,0,0.0839034058996
19117,2026-12-25T17:30:00,policy_selection,2026-12-26T18:44:00,0,0.0507348708861
19118,2026-12-25T17:30:00,policy_selection,2026-12-26T18:20:00,0,0.0304382867546
19119,2026-12-25T18:00:00,policy_selection,2026-12-26T19:22:00,0,0.105459006157
19120,2026-12-25T18:30:00,policy_selection,2026-12-26T19:30:00,0,0.0454024099797
19121,2026-12-26T09:30:00,policy_selection,2026-12-27T09:58:00,0,0.0465973457164
19122,2026-12-26T10:00:00,policy_selection,2026-12-27T11:01:00,0,0.123377829349
19124,2026-12-26T11:00:00,policy_selection,2026-12-27T12:48:00,0,0.0615160680747
19125,2026-12-26T11:00:00,policy_selection,2026-12-27T11:53:00,0,0.0713375434338
19126,2026-12-26T11:30:00,policy_selection,2026-12-27T12:49:00,0,0.0779450807872
19127,2026-12-26T11:30:00,policy_selection,2026-12-27T12:50:00,0,0.0267513461629
19128,2026-12-26T12:00:00,policy_selection,2026-12-27T13:38:00,0,0.12039128397
19129,2026-12-26T12:30:00,policy_selection,2026-12-27T13:44:00,0,0.103506007427
19130,2026-12-26T12:30:00,policy_selection,2026-12-27T13:59:00,0,0.116983411372
19131,2026-12-26T14:00:00,policy_selection,2026-12-26T21:00:00,0,0.0256105578716
19132,2026-12-26T15:00:00,policy_selection,2026-12-27T15:45:00,0,0.119463640963
19133,2026-12-26T16:00:00,policy_selection,2026-12-27T17:17:00,0,0.0981606340424
19134,2026-12-26T16:00:00,policy_selection,2026-12-27T17:01:00,0,0.0806464305674
19135,2026-12-26T16:00:00,policy_selection,2026-12-27T05:00:00,0,0.125437255466
19136,2026-12-26T16:00:00,policy_selection,2026-12-27T17:23:00,0,0.0867189275707
19137,2026-12-26T16:00:00,policy_selection,2026-12-27T17:04:00,0,0.035294095648
19138,2026-12-26T17:00:00,policy_selection,2026-12-27T18:05:00,0,0.0333414073284
19139,2026-12-26T17:00:00,policy_selection,2026-12-27T17:43:00,0,0.056804913672
19140,2026-12-26T17:00:00,policy_selection,2026-12-27T17:54:00,0,0.0675817759534
19141,2026-12-26T17:00:00,policy_selection,2026-12-27T17:39:00,0,0.0252223083587
19142,2026-12-26T17:00:00,policy_selection,2026-12-27T18:12:00,0,0.0649559560359
19144,2026-12-26T18:30:00,policy_selection,2026-12-27T19:55:00,0,0.0505523788433
19145,2026-12-27T09:00:00,policy_selection,2026-12-27T18:00:00,0,0.12438542539
19146,2026-12-27T10:30:00,policy_selection,2026-12-28T12:01:00,0,0.090593329319
19147,2026-12-27T10:30:00,policy_selection,2026-12-28T11:04:00,0,0.05508064037
19148,2026-12-27T11:30:00,policy_selection,2026-12-28T12:13:00,0,0.107051763457
19149,2026-12-27T12:00:00,policy_selection,2026-12-28T05:00:00,0,0.0880789457378
19151,2026-12-27T14:00:00,policy_selection,2026-12-28T15:29:00,0,0.041720133963
19152,2026-12-27T14:00:00,policy_selection,2026-12-28T15:09:00,0,0.046000115127
19153,2026-12-27T14:00:00,policy_selection,2026-12-28T15:09:00,0,0.04280946464
19154,2026-12-27T14:00:00,policy_selection,2026-12-28T14:41:00,0,0.0566910584579
19155,2026-12-27T15:30:00,policy_selection,2026-12-28T16:36:00,0,0.054080177841
19156,2026-12-27T17:00:00,policy_selection,2026-12-28T17:42:00,0,0.030052945191
19157,2026-12-27T17:30:00,policy_selection,2026-12-28T18:44:00,0,0.124368430482
19158,2026-12-27T18:00:00,policy_selection,2026-12-28T18:47:00,0,0.0608784639428
19159,2026-12-27T18:00:00,policy_selection,2026-12-28T18:48:00,0,0.0658468129078
19160,2026-12-27T18:30:00,policy_selection,2026-12-28T19:55:00,0,0.12747712656
19161,2026-12-27T18:30:00,policy_selection,2026-12-28T19:42:00,0,0.100449130827
19162,2026-12-28T09:00:00,policy_selection,2026-12-29T09:15:00,1,0.0723265262079
19163,2026-12-28T10:00:00,policy_selection,2026-12-29T11:00:00,0,0.0440673984625
19164,2026-12-28T10:00:00,policy_selection,2026-12-29T10:45:00,0,0.0241252972464
19165,2026-12-28T10:30:00,policy_selection,2026-12-29T11:13:00,0,0.0421941946002
19166,2026-12-28T10:30:00,policy_selection,2026-12-29T11:22:00,0,0.0816596554973
19167,2026-12-28T11:30:00,policy_selection,2026-12-29T12:21:00,0,0.118593479612
19168,2026-12-28T12:00:00,policy_selection,2026-12-29T13:04:00,0,0.0421947623889
19170,2026-12-28T12:30:00,policy_selection,2026-12-29T13:32:00,0,0.055421698666
19171,2026-12-28T12:30:00,policy_selection,2026-12-29T13:28:00,0,0.138616869769
19172,2026-12-28T14:30:00,policy_selection,2026-12-29T15:21:00,0,0.0520600641734
19173,2026-12-28T14:30:00,policy_selection,2026-12-29T15:23:00,0,0.057051076406
19174,2026-12-28T16:30:00,policy_selection,2026-12-29T17:29:00,0,0.0355838545419
19175,2026-12-28T16:30:00,policy_selection,2026-12-29T17:35:00,0,0.0234359515674
19176,2026-12-28T17:00:00,policy_selection,2026-12-29T17:48:00,0,0.0390358934689
19177,2026-12-28T17:30:00,policy_selection,2026-12-29T18:39:00,0,0.078533570065
19178,2026-12-28T17:30:00,policy_selection,2026-12-29T19:06:00,0,0.0608530009658
19179,2026-12-29T10:30:00,policy_selection,2026-12-30T11:38:00,0,0.135346505822
19180,2026-12-29T11:00:00,policy_selection,2026-12-30T11:42:00,0,0.0848650724444
19181,2026-12-29T11:00:00,policy_selection,2026-12-29T15:00:00,0,0.124044491463
19182,2026-12-29T11:30:00,policy_selection,2026-12-30T12:24:00,0,0.117059505266
19183,2026-12-29T11:30:00,policy_selection,2026-12-30T11:57:00,0,0.141650842792
19184,2026-12-29T11:30:00,policy_selection,2026-12-30T12:26:00,0,0.0265423715527
19185,2026-12-29T12:00:00,policy_selection,2026-12-30T13:13:00,0,0.0741981533076
19186,2026-12-29T12:00:00,policy_selection,2026-12-30T12:54:00,0,0.051747713597
19187,2026-12-29T12:30:00,policy_selection,2026-12-30T13:47:00,0,0.0795364433673
19188,2026-12-29T12:30:00,policy_selection,2026-12-29T14:30:00,0,0.0920786199923
19191,2026-12-29T14:00:00,policy_selection,2026-12-30T14:41:00,0,0.0555479341911
19192,2026-12-29T14:30:00,policy_selection,2026-12-30T15:24:00,0,0.140856370064
19193,2026-12-29T15:00:00,policy_selection,2026-12-30T16:01:00,0,0.127752304605
19195,2026-12-29T17:30:00,policy_selection,2026-12-30T19:31:00,0,0.0921433202659
19196,2026-12-29T18:00:00,policy_selection,2026-12-30T19:57:00,0,0.103556505299
19197,2026-12-29T18:30:00,policy_selection,2026-12-30T19:35:00,0,0.130948084261
19198,2026-12-29T18:30:00,policy_selection,2026-12-30T19:45:00,0,0.0935631811738
19199,2026-12-30T09:00:00,policy_selection,2026-12-31T09:40:00,0,0.0895684243672
19200,2026-12-30T10:30:00,policy_selection,2026-12-31T11:33:00,0,0.0390650274023
19201,2026-12-30T11:00:00,policy_selection,2026-12-31T11:56:00,0,0.174684680488
19202,2026-12-30T12:00:00,policy_selection,2026-12-31T13:29:00,0,0.090944698916
19203,2026-12-30T14:00:00,policy_selection,2026-12-31T14:47:00,0,0.0358017162041
19204,2026-12-30T14:00:00,policy_selection,2026-12-31T14:49:00,0,0.0976501102922
19205,2026-12-30T14:00:00,policy_selection,2026-12-31T15:08:00,0,0.0580170270037
19206,2026-12-30T15:30:00,policy_selection,2026-12-31T16:20:00,0,0.0769553020986
19207,2026-12-30T16:00:00,policy_selection,2026-12-31T17:33:00,0,0.121897224654
19208,2026-12-30T16:00:00,policy_selection,2026-12-31T16:43:00,0,0.0455788305198
19209,2026-12-30T18:00:00,policy_selection,2026-12-31T18:29:00,0,0.0342888847643
